Date,ID,Transaction ID,Customer ID,Product ID,Price,Customer Name,Customer Gender,Customer Age,Customer Age Range,Customer Address,Product,Product Color,Product Size,Profit
5/14/2023,TP00007,T00005,2,P-B-M,700,Customer B,Male,27,26-30,West,Product B,White,S,420
5/14/2023,TP00006,T00004,3,P-B-L,700,Customer A,Female,36,36-40,East,Product B,Black,XL,420
5/14/2023,TP00013,T00009,3,P-B-L,700,Customer A,Female,36,36-40,East,Product B,Red,L,420
5/14/2023,TP00011,T00008,5,P-R-L,700,Customer D,Female,41,>40,West,Product B,Black,XL,420
5/14/2023,TP00005,T00003,6,P-B-L,700,Customer J,Male,26,26-30,North,Product B,Green,L,420
5/14/2023,TP00012,T00008,9,P-B-L,700,Customer F,Female,28,26-30,City,Product B,Red,L,420
5/14/2023,TP00010,T00007,9,P-B-M,700,Customer F,Female,28,26-30,City,Product B,Red,S,420
5/14/2023,TP00001,T00001,10,P-B-M,700,Customer E,Female,34,31-35,North,Product B,Green,S,420
5/14/2023,TP00008,T00005,2,F-W-L,"1,500",Customer B,Male,27,26-30,West,Product C,Red,XL,600
5/14/2023,TP00004,T00002,3,F-B-M,"1,500",Customer A,Female,36,36-40,East,Product C,Black,L,600
5/14/2023,TP00009,T00006,4,S-W-M,500,Customer C,Female,30,26-30,East,Product D,Green,XL,300
5/14/2023,TP00002,T00001,5,S-B-L,500,Customer D,Female,41,>40,West,Product D,Green,XL,300
5/14/2023,TP00003,T00001,5,S-B-M,500,Customer D,Female,41,>40,West,Product D,Green,S,300
5/15/2023,TP00014,T00010,1,B-W-L,1000,Customer H,Female,22,21-25,West,Product A,Green,L,300
5/15/2023,TP00952,T00845,4,B-B-L,1000,Customer C,Female,30,26-30,East,Product A,Red,M,300
5/15/2023,TP00756,T00650,5,B-B-L,1000,Customer D,Female,41,>40,West,Product A,Black,S,300
5/15/2023,TP00648,T00542,5,B-R-L,1000,Customer D,Female,41,>40,West,Product A,White,S,300
5/15/2023,TP00913,T00806,6,B-B-M,1000,Customer J,Male,26,26-30,North,Product A,White,L,300
5/15/2023,TP00521,T00415,8,B-B-L,1000,Customer G,Male,36,36-40,South,Product A,Black,S,300
5/15/2023,TP00960,T00853,9,B-R-M,1000,Customer F,Female,28,26-30,City,Product A,Red,S,300
5/15/2023,TP00016,T00012,10,B-W-L,1000,Customer E,Female,34,31-35,North,Product A,White,M,300
5/15/2023,TP00910,T00803,1,P-B-L,700,Customer H,Female,22,21-25,West,Product B,White,M,420
5/15/2023,TP00638,T00532,3,P-B-M,700,Customer A,Female,36,36-40,East,Product B,Red,XL,420
5/15/2023,TP00865,T00758,3,P-W-M,700,Customer A,Female,36,36-40,East,Product B,Red,XL,420
5/15/2023,TP00018,T00012,7,P-W-M,700,Customer I,Female,31,31-35,West,Product B,Red,M,420
5/15/2023,TP00020,T00014,9,P-B-M,700,Customer F,Female,28,26-30,City,Product B,Black,S,420
5/15/2023,TP00610,T00504,10,P-B-L,700,Customer E,Female,34,31-35,North,Product B,White,S,420
5/15/2023,TP00019,T00013,2,F-R-M,"1,500",Customer B,Male,27,26-30,West,Product C,Red,S,600
5/15/2023,TP00685,T00579,3,F-B-M,"1,500",Customer A,Female,36,36-40,East,Product C,Red,S,600
5/15/2023,TP00864,T00757,6,F-R-M,"1,500",Customer J,Male,26,26-30,North,Product C,Green,XL,600
5/15/2023,TP00015,T00011,9,F-B-L,"1,500",Customer F,Female,28,26-30,City,Product C,White,L,600
5/15/2023,TP00760,T00654,9,F-B-L,"1,500",Customer F,Female,28,26-30,City,Product C,Black,XL,600
5/15/2023,TP00606,T00500,1,S-B-M,500,Customer H,Female,22,21-25,West,Product D,Black,M,300
5/15/2023,TP00017,T00012,4,S-R-M,500,Customer C,Female,30,26-30,East,Product D,Green,M,300
5/15/2023,TP00939,T00832,4,S-W-M,500,Customer C,Female,30,26-30,East,Product D,Green,M,300
5/15/2023,TP00626,T00520,10,S-W-M,500,Customer E,Female,34,31-35,North,Product D,Red,XL,300
5/16/2023,TP00022,T00016,3,B-W-L,1000,Customer A,Female,36,36-40,East,Product A,Red,M,300
5/16/2023,TP00035,T00025,3,B-B-M,1000,Customer A,Female,36,36-40,East,Product A,Black,M,300
5/16/2023,TP00034,T00024,3,B-W-M,1000,Customer A,Female,36,36-40,East,Product A,Red,XL,300
5/16/2023,TP00027,T00019,6,B-W-M,1000,Customer J,Male,26,26-30,North,Product A,Black,L,300
5/16/2023,TP00582,T00476,7,B-B-M,1000,Customer I,Female,31,31-35,West,Product A,White,S,300
5/16/2023,TP00028,T00020,8,B-R-M,1000,Customer G,Male,36,36-40,South,Product A,White,L,300
5/16/2023,TP00032,T00022,9,B-W-L,1000,Customer F,Female,28,26-30,City,Product A,White,XL,300
5/16/2023,TP00036,T00026,4,P-B-L,700,Customer C,Female,30,26-30,East,Product B,White,M,420
5/16/2023,TP00038,T00028,7,P-B-M,700,Customer I,Female,31,31-35,West,Product B,Green,S,420
5/16/2023,TP00021,T00015,8,P-W-L,700,Customer G,Male,36,36-40,South,Product B,Green,M,420
5/16/2023,TP00023,T00016,8,P-W-M,700,Customer G,Male,36,36-40,South,Product B,Red,L,420
5/16/2023,TP00031,T00022,9,P-B-M,700,Customer F,Female,28,26-30,City,Product B,Green,L,420
5/16/2023,TP00871,T00764,10,P-W-L,700,Customer E,Female,34,31-35,North,Product B,Black,S,420
5/16/2023,TP00940,T00833,5,F-W-M,"1,500",Customer D,Female,41,>40,West,Product C,Red,XL,600
5/16/2023,TP00037,T00027,6,F-R-M,"1,500",Customer J,Male,26,26-30,North,Product C,Black,L,600
5/16/2023,TP00026,T00018,8,F-B-L,"1,500",Customer G,Male,36,36-40,South,Product C,Green,L,600
5/16/2023,TP00955,T00848,8,F-B-M,"1,500",Customer G,Male,36,36-40,South,Product C,Green,L,600
5/16/2023,TP00530,T00424,9,F-B-M,"1,500",Customer F,Female,28,26-30,City,Product C,Green,XL,600
5/16/2023,TP00721,T00615,10,F-B-L,"1,500",Customer E,Female,34,31-35,North,Product C,White,M,600
5/16/2023,TP00030,T00021,10,F-R-L,"1,500",Customer E,Female,34,31-35,North,Product C,Green,L,600
5/16/2023,TP00761,T00655,1,S-B-M,500,Customer H,Female,22,21-25,West,Product D,White,M,300
5/16/2023,TP00839,T00732,2,S-W-M,500,Customer B,Male,27,26-30,West,Product D,Green,M,300
5/16/2023,TP00956,T00849,3,S-B-L,500,Customer A,Female,36,36-40,East,Product D,Red,L,300
5/16/2023,TP00819,T00712,3,S-R-M,500,Customer A,Female,36,36-40,East,Product D,Black,L,300
5/16/2023,TP00033,T00023,4,S-R-L,500,Customer C,Female,30,26-30,East,Product D,White,L,300
5/16/2023,TP00855,T00748,4,S-W-L,500,Customer C,Female,30,26-30,East,Product D,Black,XL,300
5/16/2023,TP00024,T00016,4,S-B-M,500,Customer C,Female,30,26-30,East,Product D,Green,XL,300
5/16/2023,TP00682,T00576,4,S-R-M,500,Customer C,Female,30,26-30,East,Product D,Red,M,300
5/16/2023,TP00653,T00547,5,S-B-L,500,Customer D,Female,41,>40,West,Product D,White,XL,300
5/16/2023,TP00029,T00021,7,S-R-L,500,Customer I,Female,31,31-35,West,Product D,Black,XL,300
5/16/2023,TP00025,T00017,8,S-B-M,500,Customer G,Male,36,36-40,South,Product D,Red,M,300
5/16/2023,TP00039,T00029,9,S-R-L,500,Customer F,Female,28,26-30,City,Product D,White,M,300
5/16/2023,TP00834,T00727,10,S-R-L,500,Customer E,Female,34,31-35,North,Product D,White,S,300
5/17/2023,TP00047,T00034,4,B-B-L,1000,Customer C,Female,30,26-30,East,Product A,Red,S,300
5/17/2023,TP00565,T00459,4,B-R-M,1000,Customer C,Female,30,26-30,East,Product A,Red,S,300
5/17/2023,TP00044,T00032,5,B-W-M,1000,Customer D,Female,41,>40,West,Product A,White,L,300
5/17/2023,TP00052,T00036,3,P-B-L,700,Customer A,Female,36,36-40,East,Product B,Black,M,420
5/17/2023,TP00950,T00843,4,P-W-L,700,Customer C,Female,30,26-30,East,Product B,Red,XL,420
5/17/2023,TP00045,T00033,9,P-W-L,700,Customer F,Female,28,26-30,City,Product B,White,L,420
5/17/2023,TP00868,T00761,10,P-R-M,700,Customer E,Female,34,31-35,North,Product B,Green,XL,420
5/17/2023,TP00794,T00688,1,F-R-L,"1,500",Customer H,Female,22,21-25,West,Product C,Green,M,600
5/17/2023,TP00040,T00030,3,F-W-L,"1,500",Customer A,Female,36,36-40,East,Product C,Black,M,600
5/17/2023,TP00758,T00652,3,F-W-L,"1,500",Customer A,Female,36,36-40,East,Product C,Black,XL,600
5/17/2023,TP00042,T00031,5,F-W-M,"1,500",Customer D,Female,41,>40,West,Product C,Black,XL,600
5/17/2023,TP00051,T00036,6,F-R-M,"1,500",Customer J,Male,26,26-30,North,Product C,Black,L,600
5/17/2023,TP00748,T00642,9,F-R-L,"1,500",Customer F,Female,28,26-30,City,Product C,White,L,600
5/17/2023,TP00998,T00891,10,F-W-M,"1,500",Customer E,Female,34,31-35,North,Product C,White,L,600
5/17/2023,TP00048,T00034,2,S-B-L,500,Customer B,Male,27,26-30,West,Product D,White,S,300
5/17/2023,TP00043,T00032,2,S-B-M,500,Customer B,Male,27,26-30,West,Product D,Black,M,300
5/17/2023,TP00046,T00034,3,S-B-L,500,Customer A,Female,36,36-40,East,Product D,Green,M,300
5/17/2023,TP00050,T00035,3,S-R-L,500,Customer A,Female,36,36-40,East,Product D,Green,L,300
5/17/2023,TP00881,T00774,4,S-B-L,500,Customer C,Female,30,26-30,East,Product D,Black,M,300
5/17/2023,TP00049,T00035,4,S-B-M,500,Customer C,Female,30,26-30,East,Product D,Green,L,300
5/17/2023,TP00041,T00030,5,S-R-M,500,Customer D,Female,41,>40,West,Product D,Black,M,300
5/17/2023,TP00579,T00473,10,S-B-L,500,Customer E,Female,34,31-35,North,Product D,White,M,300
5/17/2023,TP00712,T00606,10,S-R-L,500,Customer E,Female,34,31-35,North,Product D,Black,S,300
5/17/2023,TP00547,T00441,10,S-W-L,500,Customer E,Female,34,31-35,North,Product D,Black,L,300
5/18/2023,TP00053,T00037,5,B-B-L,1000,Customer D,Female,41,>40,West,Product A,Black,L,300
5/18/2023,TP00831,T00724,5,B-B-L,1000,Customer D,Female,41,>40,West,Product A,Black,L,300
5/18/2023,TP00057,T00041,6,B-B-L,1000,Customer J,Male,26,26-30,North,Product A,Black,L,300
5/18/2023,TP00755,T00649,8,B-R-L,1000,Customer G,Male,36,36-40,South,Product A,Green,S,300
5/18/2023,TP00884,T00777,8,B-B-M,1000,Customer G,Male,36,36-40,South,Product A,Black,L,300
5/18/2023,TP00803,T00696,1,P-W-L,700,Customer H,Female,22,21-25,West,Product B,White,S,420
5/18/2023,TP00055,T00039,3,P-B-M,700,Customer A,Female,36,36-40,East,Product B,Green,S,420
5/18/2023,TP00943,T00836,7,P-W-M,700,Customer I,Female,31,31-35,West,Product B,Black,S,420
5/18/2023,TP00889,T00782,10,P-B-L,700,Customer E,Female,34,31-35,North,Product B,Red,S,420
5/18/2023,TP00949,T00842,2,F-W-M,"1,500",Customer B,Male,27,26-30,West,Product C,White,XL,600
5/18/2023,TP00056,T00040,3,F-R-M,"1,500",Customer A,Female,36,36-40,East,Product C,Red,L,600
5/18/2023,TP00595,T00489,6,F-B-L,"1,500",Customer J,Male,26,26-30,North,Product C,Red,XL,600
5/18/2023,TP00738,T00632,7,F-B-M,"1,500",Customer I,Female,31,31-35,West,Product C,White,S,600
5/18/2023,TP00860,T00753,8,F-B-L,"1,500",Customer G,Male,36,36-40,South,Product C,Black,S,600
5/18/2023,TP00058,T00041,9,F-B-L,"1,500",Customer F,Female,28,26-30,City,Product C,Green,M,600
5/18/2023,TP00923,T00816,9,F-R-M,"1,500",Customer F,Female,28,26-30,City,Product C,Black,XL,600
5/18/2023,TP00562,T00456,2,S-R-M,500,Customer B,Male,27,26-30,West,Product D,White,M,300
5/18/2023,TP00754,T00648,4,S-B-L,500,Customer C,Female,30,26-30,East,Product D,Black,M,300
5/18/2023,TP00054,T00038,6,S-B-L,500,Customer J,Male,26,26-30,North,Product D,Green,L,300
5/18/2023,TP00540,T00434,6,S-B-L,500,Customer J,Male,26,26-30,North,Product D,Black,L,300
5/18/2023,TP00693,T00587,8,S-B-L,500,Customer G,Male,36,36-40,South,Product D,Red,S,300
5/19/2023,TP00059,T00042,1,B-W-M,1000,Customer H,Female,22,21-25,West,Product A,Black,L,300
5/19/2023,TP00824,T00717,2,B-B-L,1000,Customer B,Male,27,26-30,West,Product A,White,XL,300
5/19/2023,TP00070,T00051,2,B-B-M,1000,Customer B,Male,27,26-30,West,Product A,White,XL,300
5/19/2023,TP00067,T00050,6,B-B-L,1000,Customer J,Male,26,26-30,North,Product A,Black,S,300
5/19/2023,TP00065,T00048,10,B-B-L,1000,Customer E,Female,34,31-35,North,Product A,White,XL,300
5/19/2023,TP00567,T00461,2,P-R-M,700,Customer B,Male,27,26-30,West,Product B,Black,M,420
5/19/2023,TP00934,T00827,3,P-B-L,700,Customer A,Female,36,36-40,East,Product B,Red,M,420
5/19/2023,TP00073,T00054,3,P-B-M,700,Customer A,Female,36,36-40,East,Product B,Red,S,420
5/19/2023,TP00064,T00047,4,P-B-L,700,Customer C,Female,30,26-30,East,Product B,Red,L,420
5/19/2023,TP00069,T00051,4,P-B-L,700,Customer C,Female,30,26-30,East,Product B,Black,L,420
5/19/2023,TP00062,T00045,4,P-R-L,700,Customer C,Female,30,26-30,East,Product B,Black,XL,420
5/19/2023,TP00063,T00046,6,P-B-M,700,Customer J,Male,26,26-30,North,Product B,Black,L,420
5/19/2023,TP00551,T00445,7,P-R-L,700,Customer I,Female,31,31-35,West,Product B,Green,M,420
5/19/2023,TP00714,T00608,7,P-B-M,700,Customer I,Female,31,31-35,West,Product B,Green,S,420
5/19/2023,TP00068,T00050,9,P-R-M,700,Customer F,Female,28,26-30,City,Product B,Red,XL,420
5/19/2023,TP00061,T00044,1,F-R-M,"1,500",Customer H,Female,22,21-25,West,Product C,Red,M,600
5/19/2023,TP00071,T00052,4,F-B-M,"1,500",Customer C,Female,30,26-30,East,Product C,White,S,600
5/19/2023,TP00556,T00450,6,F-B-L,"1,500",Customer J,Male,26,26-30,North,Product C,Black,XL,600
5/19/2023,TP00538,T00432,7,F-B-L,"1,500",Customer I,Female,31,31-35,West,Product C,Black,XL,600
5/19/2023,TP00608,T00502,7,F-R-L,"1,500",Customer I,Female,31,31-35,West,Product C,Red,M,600
5/19/2023,TP00986,T00879,10,F-B-M,"1,500",Customer E,Female,34,31-35,North,Product C,Black,M,600
5/19/2023,TP00906,T00799,3,S-W-M,500,Customer A,Female,36,36-40,East,Product D,Green,L,300
5/19/2023,TP00999,T00892,3,S-W-M,500,Customer A,Female,36,36-40,East,Product D,Black,L,300
5/19/2023,TP00060,T00043,7,S-B-M,500,Customer I,Female,31,31-35,West,Product D,Red,XL,300
5/19/2023,TP00624,T00518,8,S-B-M,500,Customer G,Male,36,36-40,South,Product D,Green,XL,300
5/19/2023,TP00066,T00049,10,S-B-L,500,Customer E,Female,34,31-35,North,Product D,Black,L,300
5/19/2023,TP00072,T00053,10,S-B-L,500,Customer E,Female,34,31-35,North,Product D,Red,S,300
5/20/2023,TP00686,T00580,3,B-W-L,1000,Customer A,Female,36,36-40,East,Product A,White,S,300
5/20/2023,TP00929,T00822,4,B-B-L,1000,Customer C,Female,30,26-30,East,Product A,Green,XL,300
5/20/2023,TP00655,T00549,7,B-B-L,1000,Customer I,Female,31,31-35,West,Product A,Green,L,300
5/20/2023,TP00570,T00464,8,B-B-M,1000,Customer G,Male,36,36-40,South,Product A,Green,S,300
5/20/2023,TP00838,T00731,9,B-B-L,1000,Customer F,Female,28,26-30,City,Product A,Green,XL,300
5/20/2023,TP00786,T00680,9,B-W-L,1000,Customer F,Female,28,26-30,City,Product A,Black,XL,300
5/20/2023,TP00076,T00056,2,P-B-M,700,Customer B,Male,27,26-30,West,Product B,Black,S,420
5/20/2023,TP00679,T00573,6,P-R-L,700,Customer J,Male,26,26-30,North,Product B,Green,M,420
5/20/2023,TP00708,T00602,9,P-B-L,700,Customer F,Female,28,26-30,City,Product B,Black,S,420
5/20/2023,TP00079,T00059,1,F-B-M,"1,500",Customer H,Female,22,21-25,West,Product C,Black,M,600
5/20/2023,TP00520,T00414,3,F-B-M,"1,500",Customer A,Female,36,36-40,East,Product C,Red,XL,600
5/20/2023,TP00082,T00062,4,F-R-M,"1,500",Customer C,Female,30,26-30,East,Product C,Red,S,600
5/20/2023,TP00078,T00058,6,F-B-L,"1,500",Customer J,Male,26,26-30,North,Product C,Red,XL,600
5/20/2023,TP00083,T00063,10,F-B-M,"1,500",Customer E,Female,34,31-35,North,Product C,Black,L,600
5/20/2023,TP00074,T00055,2,S-W-M,500,Customer B,Male,27,26-30,West,Product D,Green,S,300
5/20/2023,TP00075,T00056,5,S-B-M,500,Customer D,Female,41,>40,West,Product D,Black,XL,300
5/20/2023,TP00077,T00057,6,S-B-L,500,Customer J,Male,26,26-30,North,Product D,White,XL,300
5/20/2023,TP00081,T00061,6,S-B-M,500,Customer J,Male,26,26-30,North,Product D,White,XL,300
5/20/2023,TP00080,T00060,7,S-W-L,500,Customer I,Female,31,31-35,West,Product D,White,L,300
5/20/2023,TP00084,T00064,9,S-B-M,500,Customer F,Female,28,26-30,City,Product D,Green,L,300
5/21/2023,TP00823,T00716,3,B-R-L,1000,Customer A,Female,36,36-40,East,Product A,White,XL,300
5/21/2023,TP00905,T00798,4,B-B-L,1000,Customer C,Female,30,26-30,East,Product A,Black,L,300
5/21/2023,TP00978,T00871,6,B-R-L,1000,Customer J,Male,26,26-30,North,Product A,Green,S,300
5/21/2023,TP00912,T00805,7,B-B-M,1000,Customer I,Female,31,31-35,West,Product A,Red,S,300
5/21/2023,TP00620,T00514,8,B-W-L,1000,Customer G,Male,36,36-40,South,Product A,Red,L,300
5/21/2023,TP00093,T00069,10,B-B-M,1000,Customer E,Female,34,31-35,North,Product A,Black,L,300
5/21/2023,TP00099,T00074,1,P-R-L,700,Customer H,Female,22,21-25,West,Product B,Red,S,420
5/21/2023,TP00096,T00071,1,P-B-M,700,Customer H,Female,22,21-25,West,Product B,Red,S,420
5/21/2023,TP00088,T00066,1,P-R-M,700,Customer H,Female,22,21-25,West,Product B,White,L,420
5/21/2023,TP00090,T00068,3,P-R-M,700,Customer A,Female,36,36-40,East,Product B,Green,L,420
5/21/2023,TP00102,T00077,4,P-B-M,700,Customer C,Female,30,26-30,East,Product B,Black,M,420
5/21/2023,TP00091,T00068,6,P-R-L,700,Customer J,Male,26,26-30,North,Product B,White,S,420
5/21/2023,TP00104,T00078,8,P-B-M,700,Customer G,Male,36,36-40,South,Product B,Green,XL,420
5/21/2023,TP00085,T00065,10,P-W-L,700,Customer E,Female,34,31-35,North,Product B,White,S,420
5/21/2023,TP00101,T00076,10,P-B-M,700,Customer E,Female,34,31-35,North,Product B,Black,L,420
5/21/2023,TP00887,T00780,10,P-R-M,700,Customer E,Female,34,31-35,North,Product B,White,XL,420
5/21/2023,TP00569,T00463,1,F-R-L,"1,500",Customer H,Female,22,21-25,West,Product C,White,L,600
5/21/2023,TP00095,T00070,2,F-B-L,"1,500",Customer B,Male,27,26-30,West,Product C,Black,XL,600
5/21/2023,TP00507,T00401,2,F-W-L,"1,500",Customer B,Male,27,26-30,West,Product C,Red,XL,600
5/21/2023,TP00572,T00466,5,F-B-L,"1,500",Customer D,Female,41,>40,West,Product C,White,M,600
5/21/2023,TP00094,T00070,5,F-W-L,"1,500",Customer D,Female,41,>40,West,Product C,Black,L,600
5/21/2023,TP00103,T00078,5,F-B-M,"1,500",Customer D,Female,41,>40,West,Product C,Black,L,600
5/21/2023,TP00100,T00075,6,F-B-L,"1,500",Customer J,Male,26,26-30,North,Product C,Red,XL,600
5/21/2023,TP00089,T00067,10,F-B-M,"1,500",Customer E,Female,34,31-35,North,Product C,Red,XL,600
5/21/2023,TP00097,T00072,2,S-B-M,500,Customer B,Male,27,26-30,West,Product D,Green,M,300
5/21/2023,TP00086,T00065,2,S-W-M,500,Customer B,Male,27,26-30,West,Product D,Red,S,300
5/21/2023,TP00092,T00069,3,S-R-M,500,Customer A,Female,36,36-40,East,Product D,White,L,300
5/21/2023,TP00505,T00399,7,S-B-M,500,Customer I,Female,31,31-35,West,Product D,Black,L,300
5/21/2023,TP00098,T00073,8,S-B-L,500,Customer G,Male,36,36-40,South,Product D,Red,S,300
5/21/2023,TP00087,T00065,8,S-W-L,500,Customer G,Male,36,36-40,South,Product D,White,XL,300
5/22/2023,TP00114,T00084,2,B-R-L,1000,Customer B,Male,27,26-30,West,Product A,Green,S,300
5/22/2023,TP00773,T00667,2,B-R-L,1000,Customer B,Male,27,26-30,West,Product A,Red,L,300
5/22/2023,TP00120,T00088,1,P-B-L,700,Customer H,Female,22,21-25,West,Product B,Red,L,420
5/22/2023,TP00111,T00083,1,P-W-M,700,Customer H,Female,22,21-25,West,Product B,White,L,420
5/22/2023,TP00109,T00082,2,P-R-M,700,Customer B,Male,27,26-30,West,Product B,Green,XL,420
5/22/2023,TP00983,T00876,3,P-W-L,700,Customer A,Female,36,36-40,East,Product B,Black,S,420
5/22/2023,TP00115,T00085,4,P-R-M,700,Customer C,Female,30,26-30,East,Product B,Black,XL,420
5/22/2023,TP00107,T00080,6,P-B-M,700,Customer J,Male,26,26-30,North,Product B,Black,L,420
5/22/2023,TP00659,T00553,7,P-B-L,700,Customer I,Female,31,31-35,West,Product B,Green,S,420
5/22/2023,TP00105,T00079,9,P-W-L,700,Customer F,Female,28,26-30,City,Product B,Green,L,420
5/22/2023,TP00117,T00086,10,P-W-L,700,Customer E,Female,34,31-35,North,Product B,White,M,420
5/22/2023,TP00110,T00082,2,F-W-M,"1,500",Customer B,Male,27,26-30,West,Product C,White,S,600
5/22/2023,TP00118,T00087,5,F-R-L,"1,500",Customer D,Female,41,>40,West,Product C,Red,L,600
5/22/2023,TP00822,T00715,5,F-B-M,"1,500",Customer D,Female,41,>40,West,Product C,White,XL,600
5/22/2023,TP00112,T00083,5,F-W-M,"1,500",Customer D,Female,41,>40,West,Product C,White,L,600
5/22/2023,TP00121,T00089,6,F-B-L,"1,500",Customer J,Male,26,26-30,North,Product C,Red,L,600
5/22/2023,TP00108,T00081,7,F-W-M,"1,500",Customer I,Female,31,31-35,West,Product C,White,XL,600
5/22/2023,TP00116,T00085,10,F-W-L,"1,500",Customer E,Female,34,31-35,North,Product C,Black,L,600
5/22/2023,TP00119,T00088,10,F-W-M,"1,500",Customer E,Female,34,31-35,North,Product C,Green,L,600
5/22/2023,TP00106,T00080,2,S-B-M,500,Customer B,Male,27,26-30,West,Product D,Black,M,300
5/22/2023,TP00851,T00744,6,S-B-M,500,Customer J,Male,26,26-30,North,Product D,Red,L,300
5/22/2023,TP00951,T00844,7,S-B-L,500,Customer I,Female,31,31-35,West,Product D,Black,L,300
5/22/2023,TP00113,T00084,9,S-W-L,500,Customer F,Female,28,26-30,City,Product D,Green,M,300
5/23/2023,TP00909,T00802,2,B-B-L,1000,Customer B,Male,27,26-30,West,Product A,White,XL,300
5/23/2023,TP00130,T00097,2,B-B-M,1000,Customer B,Male,27,26-30,West,Product A,White,L,300
5/23/2023,TP00127,T00095,5,B-B-M,1000,Customer D,Female,41,>40,West,Product A,Green,XL,300
5/23/2023,TP00670,T00564,5,B-R-M,1000,Customer D,Female,41,>40,West,Product A,Green,M,300
5/23/2023,TP00946,T00839,5,B-W-M,1000,Customer D,Female,41,>40,West,Product A,Red,S,300
5/23/2023,TP00129,T00097,2,P-W-L,700,Customer B,Male,27,26-30,West,Product B,Black,L,420
5/23/2023,TP00680,T00574,2,P-R-M,700,Customer B,Male,27,26-30,West,Product B,Black,XL,420
5/23/2023,TP00123,T00091,3,P-B-L,700,Customer A,Female,36,36-40,East,Product B,Black,S,420
5/23/2023,TP00128,T00096,3,P-R-M,700,Customer A,Female,36,36-40,East,Product B,White,L,420
5/23/2023,TP00132,T00099,6,P-W-M,700,Customer J,Male,26,26-30,North,Product B,Green,M,420
5/23/2023,TP00131,T00098,7,P-B-M,700,Customer I,Female,31,31-35,West,Product B,White,L,420
5/23/2023,TP00563,T00457,7,P-B-M,700,Customer I,Female,31,31-35,West,Product B,Black,L,420
5/23/2023,TP00616,T00510,8,P-B-L,700,Customer G,Male,36,36-40,South,Product B,Green,L,420
5/23/2023,TP00124,T00092,10,P-B-M,700,Customer E,Female,34,31-35,North,Product B,White,S,420
5/23/2023,TP00632,T00526,6,F-R-M,"1,500",Customer J,Male,26,26-30,North,Product C,Red,M,600
5/23/2023,TP00872,T00765,7,F-W-L,"1,500",Customer I,Female,31,31-35,West,Product C,Green,M,600
5/23/2023,TP00926,T00819,8,F-W-M,"1,500",Customer G,Male,36,36-40,South,Product C,Green,XL,600
5/23/2023,TP00639,T00533,1,S-B-L,500,Customer H,Female,22,21-25,West,Product D,Red,L,300
5/23/2023,TP00635,T00529,2,S-B-L,500,Customer B,Male,27,26-30,West,Product D,Green,XL,300
5/23/2023,TP00122,T00090,2,S-W-M,500,Customer B,Male,27,26-30,West,Product D,Red,S,300
5/23/2023,TP00850,T00743,3,S-B-M,500,Customer A,Female,36,36-40,East,Product D,Black,L,300
5/23/2023,TP00125,T00093,4,S-B-M,500,Customer C,Female,30,26-30,East,Product D,White,L,300
5/23/2023,TP00126,T00094,5,S-B-M,500,Customer D,Female,41,>40,West,Product D,White,L,300
5/23/2023,TP00776,T00670,7,S-B-L,500,Customer I,Female,31,31-35,West,Product D,Red,L,300
5/23/2023,TP00593,T00487,9,S-B-M,500,Customer F,Female,28,26-30,City,Product D,Green,XL,300
5/23/2023,TP00612,T00506,9,S-W-M,500,Customer F,Female,28,26-30,City,Product D,Red,L,300
5/24/2023,TP00681,T00575,1,B-W-M,1000,Customer H,Female,22,21-25,West,Product A,Green,M,300
5/24/2023,TP00137,T00103,3,B-W-L,1000,Customer A,Female,36,36-40,East,Product A,White,XL,300
5/24/2023,TP00654,T00548,7,B-B-M,1000,Customer I,Female,31,31-35,West,Product A,White,XL,300
5/24/2023,TP00768,T00662,7,B-B-M,1000,Customer I,Female,31,31-35,West,Product A,White,XL,300
5/24/2023,TP00622,T00516,9,B-B-L,1000,Customer F,Female,28,26-30,City,Product A,Green,S,300
5/24/2023,TP00775,T00669,9,B-R-L,1000,Customer F,Female,28,26-30,City,Product A,Red,XL,300
5/24/2023,TP00134,T00101,2,P-W-M,700,Customer B,Male,27,26-30,West,Product B,Green,M,420
5/24/2023,TP00141,T00106,4,P-R-L,700,Customer C,Female,30,26-30,East,Product B,Red,M,420
5/24/2023,TP00147,T00110,5,P-B-L,700,Customer D,Female,41,>40,West,Product B,Black,M,420
5/24/2023,TP00136,T00102,7,P-B-M,700,Customer I,Female,31,31-35,West,Product B,Green,M,420
5/24/2023,TP00963,T00856,7,P-W-M,700,Customer I,Female,31,31-35,West,Product B,Green,S,420
5/24/2023,TP00135,T00101,8,P-B-L,700,Customer G,Male,36,36-40,South,Product B,Black,M,420
5/24/2023,TP00944,T00837,9,P-R-L,700,Customer F,Female,28,26-30,City,Product B,Red,M,420
5/24/2023,TP00144,T00107,9,P-W-L,700,Customer F,Female,28,26-30,City,Product B,Green,L,420
5/24/2023,TP00133,T00100,10,P-B-M,700,Customer E,Female,34,31-35,North,Product B,White,L,420
5/24/2023,TP00142,T00106,10,P-R-M,700,Customer E,Female,34,31-35,North,Product B,Black,S,420
5/24/2023,TP00146,T00109,3,F-B-L,"1,500",Customer A,Female,36,36-40,East,Product C,Green,XL,600
5/24/2023,TP00139,T00104,5,F-B-L,"1,500",Customer D,Female,41,>40,West,Product C,White,L,600
5/24/2023,TP00138,T00103,5,F-W-L,"1,500",Customer D,Female,41,>40,West,Product C,Black,L,600
5/24/2023,TP00592,T00486,9,F-W-L,"1,500",Customer F,Female,28,26-30,City,Product C,White,L,600
5/24/2023,TP00628,T00522,9,F-B-M,"1,500",Customer F,Female,28,26-30,City,Product C,Red,S,600
5/24/2023,TP00945,T00838,10,F-B-L,"1,500",Customer E,Female,34,31-35,North,Product C,Black,XL,600
5/24/2023,TP00143,T00107,3,S-B-M,500,Customer A,Female,36,36-40,East,Product D,Black,L,300
5/24/2023,TP00140,T00105,10,S-W-L,500,Customer E,Female,34,31-35,North,Product D,Red,L,300
5/24/2023,TP00145,T00108,10,S-W-L,500,Customer E,Female,34,31-35,North,Product D,Black,S,300
5/25/2023,TP00553,T00447,2,B-R-M,1000,Customer B,Male,27,26-30,West,Product A,White,XL,300
5/25/2023,TP00162,T00122,4,B-B-L,1000,Customer C,Female,30,26-30,East,Product A,White,S,300
5/25/2023,TP00160,T00121,6,B-B-M,1000,Customer J,Male,26,26-30,North,Product A,White,S,300
5/25/2023,TP00152,T00115,10,B-W-L,1000,Customer E,Female,34,31-35,North,Product A,Black,M,300
5/25/2023,TP00156,T00117,10,B-W-L,1000,Customer E,Female,34,31-35,North,Product A,Black,XL,300
5/25/2023,TP00157,T00118,10,B-R-M,1000,Customer E,Female,34,31-35,North,Product A,White,L,300
5/25/2023,TP00151,T00114,2,P-R-L,700,Customer B,Male,27,26-30,West,Product B,Red,M,420
5/25/2023,TP00559,T00453,2,P-W-M,700,Customer B,Male,27,26-30,West,Product B,Black,M,420
5/25/2023,TP00154,T00116,3,P-R-L,700,Customer A,Female,36,36-40,East,Product B,Black,M,420
5/25/2023,TP00158,T00119,5,P-B-M,700,Customer D,Female,41,>40,West,Product B,Black,L,420
5/25/2023,TP00150,T00113,6,P-R-M,700,Customer J,Male,26,26-30,North,Product B,Green,L,420
5/25/2023,TP00155,T00117,7,P-W-L,700,Customer I,Female,31,31-35,West,Product B,White,XL,420
5/25/2023,TP00692,T00586,7,P-R-M,700,Customer I,Female,31,31-35,West,Product B,Black,L,420
5/25/2023,TP00817,T00710,9,P-W-L,700,Customer F,Female,28,26-30,City,Product B,White,M,420
5/25/2023,TP00506,T00400,1,F-W-L,"1,500",Customer H,Female,22,21-25,West,Product C,Red,L,600
5/25/2023,TP00975,T00868,5,F-W-M,"1,500",Customer D,Female,41,>40,West,Product C,Red,XL,600
5/25/2023,TP00915,T00808,6,F-W-M,"1,500",Customer J,Male,26,26-30,North,Product C,Red,M,600
5/25/2023,TP00527,T00421,7,F-B-M,"1,500",Customer I,Female,31,31-35,West,Product C,Red,XL,600
5/25/2023,TP00618,T00512,9,F-R-L,"1,500",Customer F,Female,28,26-30,City,Product C,Red,S,600
5/25/2023,TP00161,T00122,9,F-R-M,"1,500",Customer F,Female,28,26-30,City,Product C,Black,M,600
5/25/2023,TP00153,T00116,9,F-W-M,"1,500",Customer F,Female,28,26-30,City,Product C,Black,M,600
5/25/2023,TP00148,T00111,3,S-B-M,500,Customer A,Female,36,36-40,East,Product D,White,M,300
5/25/2023,TP00518,T00412,4,S-R-L,500,Customer C,Female,30,26-30,East,Product D,Black,S,300
5/25/2023,TP00163,T00123,4,S-B-M,500,Customer C,Female,30,26-30,East,Product D,Green,XL,300
5/25/2023,TP00149,T00112,5,S-B-M,500,Customer D,Female,41,>40,West,Product D,Red,M,300
5/25/2023,TP00703,T00597,5,S-B-M,500,Customer D,Female,41,>40,West,Product D,Red,S,300
5/25/2023,TP00989,T00882,6,S-B-L,500,Customer J,Male,26,26-30,North,Product D,Red,M,300
5/25/2023,TP00159,T00120,10,S-B-L,500,Customer E,Female,34,31-35,North,Product D,Black,L,300
5/26/2023,TP00806,T00699,3,B-R-L,1000,Customer A,Female,36,36-40,East,Product A,White,XL,300
5/26/2023,TP00168,T00127,4,B-B-L,1000,Customer C,Female,30,26-30,East,Product A,Black,L,300
5/26/2023,TP00696,T00590,4,B-R-M,1000,Customer C,Female,30,26-30,East,Product A,White,XL,300
5/26/2023,TP00167,T00127,5,B-R-L,1000,Customer D,Female,41,>40,West,Product A,Red,S,300
5/26/2023,TP00651,T00545,5,B-W-L,1000,Customer D,Female,41,>40,West,Product A,Green,L,300
5/26/2023,TP00164,T00124,5,B-B-M,1000,Customer D,Female,41,>40,West,Product A,Green,XL,300
5/26/2023,TP00619,T00513,7,B-R-M,1000,Customer I,Female,31,31-35,West,Product A,Green,M,300
5/26/2023,TP00174,T00131,2,P-W-M,700,Customer B,Male,27,26-30,West,Product B,Green,XL,420
5/26/2023,TP00173,T00130,3,P-B-L,700,Customer A,Female,36,36-40,East,Product B,Green,M,420
5/26/2023,TP00587,T00481,3,P-R-L,700,Customer A,Female,36,36-40,East,Product B,Black,L,420
5/26/2023,TP00734,T00628,5,P-W-M,700,Customer D,Female,41,>40,West,Product B,White,XL,420
5/26/2023,TP00171,T00129,6,P-R-M,700,Customer J,Male,26,26-30,North,Product B,Green,S,420
5/26/2023,TP00172,T00130,4,F-R-M,"1,500",Customer C,Female,30,26-30,East,Product C,White,L,600
5/26/2023,TP00725,T00619,6,F-R-M,"1,500",Customer J,Male,26,26-30,North,Product C,Green,M,600
5/26/2023,TP00166,T00126,9,F-B-L,"1,500",Customer F,Female,28,26-30,City,Product C,Green,S,600
5/26/2023,TP00630,T00524,10,F-R-L,"1,500",Customer E,Female,34,31-35,North,Product C,White,M,600
5/26/2023,TP00747,T00641,4,S-B-L,500,Customer C,Female,30,26-30,East,Product D,White,S,300
5/26/2023,TP00691,T00585,6,S-W-L,500,Customer J,Male,26,26-30,North,Product D,White,S,300
5/26/2023,TP00541,T00435,7,S-B-M,500,Customer I,Female,31,31-35,West,Product D,Red,XL,300
5/26/2023,TP00165,T00125,9,S-R-M,500,Customer F,Female,28,26-30,City,Product D,Red,S,300
5/26/2023,TP00716,T00610,10,S-B-L,500,Customer E,Female,34,31-35,North,Product D,Red,S,300
5/26/2023,TP00169,T00128,10,S-R-L,500,Customer E,Female,34,31-35,North,Product D,White,M,300
5/26/2023,TP00170,T00129,10,S-W-L,500,Customer E,Female,34,31-35,North,Product D,Black,L,300
5/27/2023,TP00522,T00416,1,B-R-L,1000,Customer H,Female,22,21-25,West,Product A,White,L,300
5/27/2023,TP00649,T00543,2,P-R-M,700,Customer B,Male,27,26-30,West,Product B,Green,M,420
5/27/2023,TP00818,T00711,3,P-R-M,700,Customer A,Female,36,36-40,East,Product B,Red,XL,420
5/27/2023,TP00809,T00702,4,P-R-L,700,Customer C,Female,30,26-30,East,Product B,Black,S,420
5/27/2023,TP00175,T00132,4,P-B-M,700,Customer C,Female,30,26-30,East,Product B,White,L,420
5/27/2023,TP00953,T00846,6,P-B-L,700,Customer J,Male,26,26-30,North,Product B,Black,M,420
5/27/2023,TP00812,T00705,6,P-W-M,700,Customer J,Male,26,26-30,North,Product B,Black,XL,420
5/27/2023,TP00637,T00531,7,P-B-L,700,Customer I,Female,31,31-35,West,Product B,Green,S,420
5/27/2023,TP00730,T00624,7,P-B-M,700,Customer I,Female,31,31-35,West,Product B,Red,L,420
5/27/2023,TP00805,T00698,7,P-R-M,700,Customer I,Female,31,31-35,West,Product B,Black,L,420
5/27/2023,TP00561,T00455,10,P-B-M,700,Customer E,Female,34,31-35,North,Product B,Green,L,420
5/27/2023,TP00591,T00485,1,F-B-L,"1,500",Customer H,Female,22,21-25,West,Product C,Red,XL,600
5/27/2023,TP00787,T00681,1,F-W-M,"1,500",Customer H,Female,22,21-25,West,Product C,Green,L,600
5/27/2023,TP00176,T00133,2,F-R-L,"1,500",Customer B,Male,27,26-30,West,Product C,White,S,600
5/27/2023,TP00185,T00140,3,F-W-L,"1,500",Customer A,Female,36,36-40,East,Product C,Black,M,600
5/27/2023,TP00184,T00140,3,F-B-M,"1,500",Customer A,Female,36,36-40,East,Product C,Red,M,600
5/27/2023,TP00727,T00621,5,F-B-L,"1,500",Customer D,Female,41,>40,West,Product C,Red,L,600
5/27/2023,TP00182,T00139,7,F-B-L,"1,500",Customer I,Female,31,31-35,West,Product C,Red,S,600
5/27/2023,TP00180,T00137,7,F-R-M,"1,500",Customer I,Female,31,31-35,West,Product C,Green,S,600
5/27/2023,TP00178,T00135,8,F-R-M,"1,500",Customer G,Male,36,36-40,South,Product C,Red,S,600
5/27/2023,TP00802,T00695,9,F-B-M,"1,500",Customer F,Female,28,26-30,City,Product C,Red,M,600
5/27/2023,TP00883,T00776,4,S-B-L,500,Customer C,Female,30,26-30,East,Product D,Red,M,300
5/27/2023,TP00796,T00690,4,S-W-L,500,Customer C,Female,30,26-30,East,Product D,Green,M,300
5/27/2023,TP00177,T00134,6,S-R-L,500,Customer J,Male,26,26-30,North,Product D,Green,XL,300
5/27/2023,TP00183,T00139,6,S-B-M,500,Customer J,Male,26,26-30,North,Product D,White,L,300
5/27/2023,TP00181,T00138,9,S-W-L,500,Customer F,Female,28,26-30,City,Product D,White,S,300
5/27/2023,TP00179,T00136,10,S-B-M,500,Customer E,Female,34,31-35,North,Product D,Red,XL,300
5/28/2023,TP00192,T00145,3,B-R-L,1000,Customer A,Female,36,36-40,East,Product A,White,S,300
5/28/2023,TP00193,T00146,7,B-B-M,1000,Customer I,Female,31,31-35,West,Product A,White,M,300
5/28/2023,TP00186,T00141,7,B-W-M,1000,Customer I,Female,31,31-35,West,Product A,Green,M,300
5/28/2023,TP00709,T00603,7,B-W-M,1000,Customer I,Female,31,31-35,West,Product A,Green,M,300
5/28/2023,TP00191,T00144,9,B-W-L,1000,Customer F,Female,28,26-30,City,Product A,Red,M,300
5/28/2023,TP00196,T00147,9,B-W-L,1000,Customer F,Female,28,26-30,City,Product A,Red,XL,300
5/28/2023,TP00992,T00885,2,P-R-L,700,Customer B,Male,27,26-30,West,Product B,Red,S,420
5/28/2023,TP00902,T00795,4,P-B-L,700,Customer C,Female,30,26-30,East,Product B,Red,L,420
5/28/2023,TP00187,T00141,5,P-B-L,700,Customer D,Female,41,>40,West,Product B,Green,XL,420
5/28/2023,TP00195,T00147,5,P-R-M,700,Customer D,Female,41,>40,West,Product B,White,S,420
5/28/2023,TP00199,T00149,6,P-B-M,700,Customer J,Male,26,26-30,North,Product B,Red,XL,420
5/28/2023,TP00972,T00865,7,P-B-L,700,Customer I,Female,31,31-35,West,Product B,Black,M,420
5/28/2023,TP00959,T00852,8,P-W-M,700,Customer G,Male,36,36-40,South,Product B,White,L,420
5/28/2023,TP00201,T00151,9,P-B-M,700,Customer F,Female,28,26-30,City,Product B,White,M,420
5/28/2023,TP00197,T00148,9,P-R-M,700,Customer F,Female,28,26-30,City,Product B,Red,XL,420
5/28/2023,TP00202,T00151,10,P-B-M,700,Customer E,Female,34,31-35,North,Product B,Red,L,420
5/28/2023,TP00189,T00142,3,F-W-M,"1,500",Customer A,Female,36,36-40,East,Product C,Black,L,600
5/28/2023,TP00777,T00671,8,F-R-M,"1,500",Customer G,Male,36,36-40,South,Product C,Black,S,600
5/28/2023,TP00980,T00873,10,F-R-L,"1,500",Customer E,Female,34,31-35,North,Product C,Red,XL,600
5/28/2023,TP00203,T00152,10,F-B-M,"1,500",Customer E,Female,34,31-35,North,Product C,Green,S,600
5/28/2023,TP00205,T00154,10,F-B-M,"1,500",Customer E,Female,34,31-35,North,Product C,Red,S,600
5/28/2023,TP00204,T00153,1,S-W-L,500,Customer H,Female,22,21-25,West,Product D,Black,S,300
5/28/2023,TP00198,T00149,2,S-B-L,500,Customer B,Male,27,26-30,West,Product D,Red,M,300
5/28/2023,TP00190,T00143,2,S-R-M,500,Customer B,Male,27,26-30,West,Product D,Black,L,300
5/28/2023,TP00924,T00817,2,S-W-M,500,Customer B,Male,27,26-30,West,Product D,Red,M,300
5/28/2023,TP00916,T00809,3,S-W-L,500,Customer A,Female,36,36-40,East,Product D,Black,XL,300
5/28/2023,TP00188,T00142,5,S-R-L,500,Customer D,Female,41,>40,West,Product D,Red,S,300
5/28/2023,TP00194,T00146,5,S-W-L,500,Customer D,Female,41,>40,West,Product D,Red,XL,300
5/28/2023,TP00907,T00800,5,S-W-L,500,Customer D,Female,41,>40,West,Product D,White,S,300
5/28/2023,TP00508,T00402,6,S-R-L,500,Customer J,Male,26,26-30,North,Product D,Green,XL,300
5/28/2023,TP00200,T00150,7,S-B-L,500,Customer I,Female,31,31-35,West,Product D,White,S,300
5/29/2023,TP00213,T00161,2,B-B-L,1000,Customer B,Male,27,26-30,West,Product A,White,S,300
5/29/2023,TP00766,T00660,5,B-B-M,1000,Customer D,Female,41,>40,West,Product A,Black,M,300
5/29/2023,TP00207,T00156,8,B-B-L,1000,Customer G,Male,36,36-40,South,Product A,Red,M,300
5/29/2023,TP00697,T00591,1,P-B-L,700,Customer H,Female,22,21-25,West,Product B,Green,L,420
5/29/2023,TP00212,T00160,2,P-B-L,700,Customer B,Male,27,26-30,West,Product B,Red,L,420
5/29/2023,TP00215,T00162,2,P-B-L,700,Customer B,Male,27,26-30,West,Product B,Black,XL,420
5/29/2023,TP00217,T00163,4,P-B-L,700,Customer C,Female,30,26-30,East,Product B,Green,S,420
5/29/2023,TP00895,T00788,5,P-W-M,700,Customer D,Female,41,>40,West,Product B,Red,S,420
5/29/2023,TP00211,T00160,6,P-W-L,700,Customer J,Male,26,26-30,North,Product B,Red,M,420
5/29/2023,TP00531,T00425,7,P-B-M,700,Customer I,Female,31,31-35,West,Product B,Black,L,420
5/29/2023,TP00904,T00797,7,P-W-M,700,Customer I,Female,31,31-35,West,Product B,Black,L,420
5/29/2023,TP00210,T00159,9,P-B-L,700,Customer F,Female,28,26-30,City,Product B,White,L,420
5/29/2023,TP00216,T00163,2,F-B-L,"1,500",Customer B,Male,27,26-30,West,Product C,Red,XL,600
5/29/2023,TP00876,T00769,3,F-B-M,"1,500",Customer A,Female,36,36-40,East,Product C,Black,S,600
5/29/2023,TP00893,T00786,4,F-B-L,"1,500",Customer C,Female,30,26-30,East,Product C,White,M,600
5/29/2023,TP00533,T00427,4,F-R-L,"1,500",Customer C,Female,30,26-30,East,Product C,Green,L,600
5/29/2023,TP00677,T00571,5,F-B-L,"1,500",Customer D,Female,41,>40,West,Product C,Black,XL,600
5/29/2023,TP00816,T00709,6,F-R-L,"1,500",Customer J,Male,26,26-30,North,Product C,Red,M,600
5/29/2023,TP00574,T00468,7,F-B-M,"1,500",Customer I,Female,31,31-35,West,Product C,Red,XL,600
5/29/2023,TP00749,T00643,10,F-W-M,"1,500",Customer E,Female,34,31-35,North,Product C,Green,XL,600
5/29/2023,TP00917,T00810,1,S-W-M,500,Customer H,Female,22,21-25,West,Product D,Green,L,300
5/29/2023,TP00647,T00541,3,S-B-M,500,Customer A,Female,36,36-40,East,Product D,Red,L,300
5/29/2023,TP00206,T00155,6,S-B-L,500,Customer J,Male,26,26-30,North,Product D,Red,XL,300
5/29/2023,TP00209,T00158,7,S-R-L,500,Customer I,Female,31,31-35,West,Product D,Red,L,300
5/29/2023,TP00996,T00889,7,S-B-M,500,Customer I,Female,31,31-35,West,Product D,Black,L,300
5/29/2023,TP00214,T00162,8,S-B-M,500,Customer G,Male,36,36-40,South,Product D,Black,S,300
5/29/2023,TP00208,T00157,9,S-R-L,500,Customer F,Female,28,26-30,City,Product D,Black,XL,300
5/29/2023,TP00847,T00740,9,S-W-M,500,Customer F,Female,28,26-30,City,Product D,Red,XL,300
5/30/2023,TP00848,T00741,2,B-B-M,1000,Customer B,Male,27,26-30,West,Product A,Black,S,300
5/30/2023,TP00947,T00840,2,P-B-M,700,Customer B,Male,27,26-30,West,Product B,White,L,420
5/30/2023,TP00226,T00172,4,P-W-L,700,Customer C,Female,30,26-30,East,Product B,White,M,420
5/30/2023,TP00672,T00566,5,P-W-L,700,Customer D,Female,41,>40,West,Product B,White,M,420
5/30/2023,TP00222,T00168,5,P-B-M,700,Customer D,Female,41,>40,West,Product B,Green,XL,420
5/30/2023,TP00578,T00472,5,P-B-M,700,Customer D,Female,41,>40,West,Product B,White,M,420
5/30/2023,TP00220,T00166,6,P-W-L,700,Customer J,Male,26,26-30,North,Product B,Red,XL,420
5/30/2023,TP00227,T00173,7,P-R-L,700,Customer I,Female,31,31-35,West,Product B,Green,S,420
5/30/2023,TP00223,T00169,7,P-W-M,700,Customer I,Female,31,31-35,West,Product B,Green,S,420
5/30/2023,TP00965,T00858,2,F-R-L,"1,500",Customer B,Male,27,26-30,West,Product C,Green,S,600
5/30/2023,TP00536,T00430,2,F-B-M,"1,500",Customer B,Male,27,26-30,West,Product C,Red,M,600
5/30/2023,TP00218,T00164,7,F-R-M,"1,500",Customer I,Female,31,31-35,West,Product C,Green,L,600
5/30/2023,TP00614,T00508,1,S-W-L,500,Customer H,Female,22,21-25,West,Product D,Green,XL,300
5/30/2023,TP00219,T00165,2,S-B-L,500,Customer B,Male,27,26-30,West,Product D,White,XL,300
5/30/2023,TP00631,T00525,4,S-B-L,500,Customer C,Female,30,26-30,East,Product D,Black,S,300
5/30/2023,TP00751,T00645,7,S-R-M,500,Customer I,Female,31,31-35,West,Product D,Black,L,300
5/30/2023,TP00646,T00540,7,S-W-M,500,Customer I,Female,31,31-35,West,Product D,Green,XL,300
5/30/2023,TP00224,T00170,8,S-R-M,500,Customer G,Male,36,36-40,South,Product D,Green,M,300
5/30/2023,TP00221,T00167,9,S-R-L,500,Customer F,Female,28,26-30,City,Product D,White,M,300
5/30/2023,TP00225,T00171,10,S-R-M,500,Customer E,Female,34,31-35,North,Product D,White,XL,300
5/31/2023,TP00729,T00623,5,B-B-M,1000,Customer D,Female,41,>40,West,Product A,Black,L,300
5/31/2023,TP00232,T00178,7,B-B-M,1000,Customer I,Female,31,31-35,West,Product A,White,L,300
5/31/2023,TP00710,T00604,9,B-R-L,1000,Customer F,Female,28,26-30,City,Product A,Red,L,300
5/31/2023,TP00861,T00754,9,B-B-M,1000,Customer F,Female,28,26-30,City,Product A,White,S,300
5/31/2023,TP00799,T00693,2,P-W-L,700,Customer B,Male,27,26-30,West,Product B,Red,S,420
5/31/2023,TP00528,T00422,5,P-B-L,700,Customer D,Female,41,>40,West,Product B,Green,L,420
5/31/2023,TP00234,T00180,6,P-W-M,700,Customer J,Male,26,26-30,North,Product B,Black,L,420
5/31/2023,TP00235,T00181,8,P-B-L,700,Customer G,Male,36,36-40,South,Product B,Green,L,420
5/31/2023,TP00800,T00693,10,P-B-M,700,Customer E,Female,34,31-35,North,Product B,White,XL,420
5/31/2023,TP00585,T00479,1,F-B-M,"1,500",Customer H,Female,22,21-25,West,Product C,White,S,600
5/31/2023,TP00671,T00565,1,F-B-M,"1,500",Customer H,Female,22,21-25,West,Product C,Black,M,600
5/31/2023,TP00231,T00177,3,F-B-M,"1,500",Customer A,Female,36,36-40,East,Product C,Red,S,600
5/31/2023,TP00764,T00658,4,F-B-L,"1,500",Customer C,Female,30,26-30,East,Product C,Black,XL,600
5/31/2023,TP00233,T00179,9,F-R-L,"1,500",Customer F,Female,28,26-30,City,Product C,Green,XL,600
5/31/2023,TP00229,T00175,9,F-W-L,"1,500",Customer F,Female,28,26-30,City,Product C,Red,S,600
5/31/2023,TP00230,T00176,9,F-W-L,"1,500",Customer F,Female,28,26-30,City,Product C,Green,S,600
5/31/2023,TP00535,T00429,9,F-B-M,"1,500",Customer F,Female,28,26-30,City,Product C,White,M,600
5/31/2023,TP00918,T00811,1,S-R-L,500,Customer H,Female,22,21-25,West,Product D,White,M,300
5/31/2023,TP00552,T00446,7,S-B-L,500,Customer I,Female,31,31-35,West,Product D,White,M,300
5/31/2023,TP00228,T00174,8,S-B-L,500,Customer G,Male,36,36-40,South,Product D,White,M,300
5/31/2023,TP00665,T00559,8,S-B-M,500,Customer G,Male,36,36-40,South,Product D,Black,L,300
6/1/2023,TP00891,T00784,1,B-B-L,1000,Customer H,Female,22,21-25,West,Product A,Black,L,300
6/1/2023,TP00537,T00431,2,B-B-L,1000,Customer B,Male,27,26-30,West,Product A,Black,L,300
6/1/2023,TP00240,T00185,3,B-W-L,1000,Customer A,Female,36,36-40,East,Product A,Black,M,300
6/1/2023,TP00238,T00184,1,P-W-M,700,Customer H,Female,22,21-25,West,Product B,Green,XL,420
6/1/2023,TP00244,T00187,4,P-B-L,700,Customer C,Female,30,26-30,East,Product B,Green,M,420
6/1/2023,TP00239,T00185,5,P-W-L,700,Customer D,Female,41,>40,West,Product B,Red,L,420
6/1/2023,TP00511,T00405,5,P-W-L,700,Customer D,Female,41,>40,West,Product B,Red,M,420
6/1/2023,TP00241,T00185,1,F-B-M,"1,500",Customer H,Female,22,21-25,West,Product C,Red,L,600
6/1/2023,TP00598,T00492,1,F-R-M,"1,500",Customer H,Female,22,21-25,West,Product C,Green,M,600
6/1/2023,TP00242,T00185,4,F-R-L,"1,500",Customer C,Female,30,26-30,East,Product C,Red,XL,600
6/1/2023,TP00723,T00617,5,F-W-M,"1,500",Customer D,Female,41,>40,West,Product C,Black,M,600
6/1/2023,TP00782,T00676,6,F-W-L,"1,500",Customer J,Male,26,26-30,North,Product C,White,L,600
6/1/2023,TP00601,T00495,7,F-B-M,"1,500",Customer I,Female,31,31-35,West,Product C,Green,M,600
6/1/2023,TP00236,T00182,8,F-B-M,"1,500",Customer G,Male,36,36-40,South,Product C,Red,L,600
6/1/2023,TP00633,T00527,9,F-R-M,"1,500",Customer F,Female,28,26-30,City,Product C,Black,L,600
6/1/2023,TP00642,T00536,2,S-B-M,500,Customer B,Male,27,26-30,West,Product D,Red,L,300
6/1/2023,TP00543,T00437,7,S-W-L,500,Customer I,Female,31,31-35,West,Product D,Green,XL,300
6/1/2023,TP00245,T00188,7,S-R-M,500,Customer I,Female,31,31-35,West,Product D,White,M,300
6/1/2023,TP00243,T00186,8,S-B-L,500,Customer G,Male,36,36-40,South,Product D,Black,M,300
6/1/2023,TP00667,T00561,8,S-B-M,500,Customer G,Male,36,36-40,South,Product D,Black,S,300
6/1/2023,TP00246,T00189,9,S-W-L,500,Customer F,Female,28,26-30,City,Product D,Black,S,300
6/1/2023,TP00237,T00183,10,S-B-L,500,Customer E,Female,34,31-35,North,Product D,Red,S,300
6/2/2023,TP00862,T00755,6,B-R-M,1000,Customer J,Male,26,26-30,North,Product A,Green,S,300
6/2/2023,TP00249,T00192,8,B-B-L,1000,Customer G,Male,36,36-40,South,Product A,Green,L,300
6/2/2023,TP00254,T00196,8,B-W-M,1000,Customer G,Male,36,36-40,South,Product A,Red,M,300
6/2/2023,TP00525,T00419,9,B-B-M,1000,Customer F,Female,28,26-30,City,Product A,Black,S,300
6/2/2023,TP00257,T00199,9,B-R-M,1000,Customer F,Female,28,26-30,City,Product A,Black,L,300
6/2/2023,TP00675,T00569,10,B-B-M,1000,Customer E,Female,34,31-35,North,Product A,Green,L,300
6/2/2023,TP00251,T00194,2,P-B-M,700,Customer B,Male,27,26-30,West,Product B,Green,XL,420
6/2/2023,TP00813,T00706,2,P-R-M,700,Customer B,Male,27,26-30,West,Product B,Red,S,420
6/2/2023,TP00247,T00190,5,P-W-L,700,Customer D,Female,41,>40,West,Product B,White,M,420
6/2/2023,TP00767,T00661,9,P-B-L,700,Customer F,Female,28,26-30,City,Product B,Green,XL,420
6/2/2023,TP00778,T00672,9,P-B-M,700,Customer F,Female,28,26-30,City,Product B,Green,S,420
6/2/2023,TP00248,T00191,2,F-R-L,"1,500",Customer B,Male,27,26-30,West,Product C,Green,S,600
6/2/2023,TP00256,T00198,2,F-R-M,"1,500",Customer B,Male,27,26-30,West,Product C,Red,S,600
6/2/2023,TP00900,T00793,3,F-R-L,"1,500",Customer A,Female,36,36-40,East,Product C,Green,M,600
6/2/2023,TP00545,T00439,3,F-R-M,"1,500",Customer A,Female,36,36-40,East,Product C,Green,M,600
6/2/2023,TP00255,T00197,4,F-W-M,"1,500",Customer C,Female,30,26-30,East,Product C,Green,M,600
6/2/2023,TP00252,T00195,5,F-B-L,"1,500",Customer D,Female,41,>40,West,Product C,Green,M,600
6/2/2023,TP00250,T00193,7,F-B-L,"1,500",Customer I,Female,31,31-35,West,Product C,Green,XL,600
6/2/2023,TP00687,T00581,9,F-B-L,"1,500",Customer F,Female,28,26-30,City,Product C,White,M,600
6/2/2023,TP00931,T00824,9,F-R-M,"1,500",Customer F,Female,28,26-30,City,Product C,Green,XL,600
6/2/2023,TP00880,T00773,2,S-W-M,500,Customer B,Male,27,26-30,West,Product D,Red,M,300
6/2/2023,TP00258,T00200,3,S-B-L,500,Customer A,Female,36,36-40,East,Product D,Red,M,300
6/2/2023,TP00253,T00196,3,S-B-M,500,Customer A,Female,36,36-40,East,Product D,Black,S,300
6/2/2023,TP00611,T00505,3,S-B-M,500,Customer A,Female,36,36-40,East,Product D,Green,S,300
6/2/2023,TP00852,T00745,10,S-W-M,500,Customer E,Female,34,31-35,North,Product D,White,XL,300
6/3/2023,TP00629,T00523,2,B-W-L,1000,Customer B,Male,27,26-30,West,Product A,Green,M,300
6/3/2023,TP00899,T00792,4,B-B-M,1000,Customer C,Female,30,26-30,East,Product A,Black,L,300
6/3/2023,TP00753,T00647,4,B-W-M,1000,Customer C,Female,30,26-30,East,Product A,Green,S,300
6/3/2023,TP00576,T00470,5,B-B-M,1000,Customer D,Female,41,>40,West,Product A,White,L,300
6/3/2023,TP00260,T00202,7,B-B-L,1000,Customer I,Female,31,31-35,West,Product A,Black,XL,300
6/3/2023,TP00678,T00572,7,B-R-M,1000,Customer I,Female,31,31-35,West,Product A,White,M,300
6/3/2023,TP00719,T00613,8,B-B-L,1000,Customer G,Male,36,36-40,South,Product A,White,M,300
6/3/2023,TP00519,T00413,8,B-R-L,1000,Customer G,Male,36,36-40,South,Product A,White,M,300
6/3/2023,TP00740,T00634,8,B-B-M,1000,Customer G,Male,36,36-40,South,Product A,Red,M,300
6/3/2023,TP00261,T00203,9,B-B-L,1000,Customer F,Female,28,26-30,City,Product A,Red,M,300
6/3/2023,TP00911,T00804,5,P-R-L,700,Customer D,Female,41,>40,West,Product B,Green,L,420
6/3/2023,TP00997,T00890,6,P-R-M,700,Customer J,Male,26,26-30,North,Product B,Black,S,420
6/3/2023,TP00557,T00451,7,P-B-M,700,Customer I,Female,31,31-35,West,Product B,Green,XL,420
6/3/2023,TP00267,T00209,1,F-W-M,"1,500",Customer H,Female,22,21-25,West,Product C,Black,M,600
6/3/2023,TP00820,T00713,3,F-B-L,"1,500",Customer A,Female,36,36-40,East,Product C,White,L,600
6/3/2023,TP00259,T00201,3,F-W-L,"1,500",Customer A,Female,36,36-40,East,Product C,Red,L,600
6/3/2023,TP00544,T00438,4,F-B-L,"1,500",Customer C,Female,30,26-30,East,Product C,Red,S,600
6/3/2023,TP00663,T00557,4,F-B-L,"1,500",Customer C,Female,30,26-30,East,Product C,Green,M,600
6/3/2023,TP00928,T00821,4,F-W-L,"1,500",Customer C,Female,30,26-30,East,Product C,Red,XL,600
6/3/2023,TP00269,T00210,4,F-B-M,"1,500",Customer C,Female,30,26-30,East,Product C,Green,M,600
6/3/2023,TP00264,T00206,5,F-B-L,"1,500",Customer D,Female,41,>40,West,Product C,White,XL,600
6/3/2023,TP00268,T00209,9,F-B-M,"1,500",Customer F,Female,28,26-30,City,Product C,Green,S,600
6/3/2023,TP00534,T00428,2,S-B-M,500,Customer B,Male,27,26-30,West,Product D,White,S,300
6/3/2023,TP00266,T00208,2,S-R-M,500,Customer B,Male,27,26-30,West,Product D,White,M,300
6/3/2023,TP00815,T00708,2,S-W-M,500,Customer B,Male,27,26-30,West,Product D,Green,L,300
6/3/2023,TP00877,T00770,7,S-B-L,500,Customer I,Female,31,31-35,West,Product D,White,S,300
6/3/2023,TP00263,T00205,8,S-B-L,500,Customer G,Male,36,36-40,South,Product D,Red,S,300
6/3/2023,TP00262,T00204,9,S-W-L,500,Customer F,Female,28,26-30,City,Product D,Black,XL,300
6/3/2023,TP00265,T00207,10,S-B-M,500,Customer E,Female,34,31-35,North,Product D,Black,M,300
6/4/2023,TP00722,T00616,4,B-B-L,1000,Customer C,Female,30,26-30,East,Product A,Red,S,300
6/4/2023,TP00270,T00211,8,B-B-L,1000,Customer G,Male,36,36-40,South,Product A,Red,M,300
6/4/2023,TP00282,T00219,9,B-R-L,1000,Customer F,Female,28,26-30,City,Product A,Black,XL,300
6/4/2023,TP00645,T00539,2,P-B-M,700,Customer B,Male,27,26-30,West,Product B,Red,S,420
6/4/2023,TP00280,T00217,3,P-B-L,700,Customer A,Female,36,36-40,East,Product B,Red,S,420
6/4/2023,TP00272,T00213,7,P-B-M,700,Customer I,Female,31,31-35,West,Product B,Black,L,420
6/4/2023,TP00283,T00220,10,P-B-M,700,Customer E,Female,34,31-35,North,Product B,White,M,420
6/4/2023,TP00285,T00221,10,P-W-M,700,Customer E,Female,34,31-35,North,Product B,Black,XL,420
6/4/2023,TP00770,T00664,2,F-W-L,"1,500",Customer B,Male,27,26-30,West,Product C,Black,S,600
6/4/2023,TP00274,T00215,3,F-R-M,"1,500",Customer A,Female,36,36-40,East,Product C,Green,L,600
6/4/2023,TP00512,T00406,4,F-W-M,"1,500",Customer C,Female,30,26-30,East,Product C,Red,XL,600
6/4/2023,TP00279,T00217,5,F-W-L,"1,500",Customer D,Female,41,>40,West,Product C,Black,S,600
6/4/2023,TP00284,T00220,5,F-B-M,"1,500",Customer D,Female,41,>40,West,Product C,Green,XL,600
6/4/2023,TP00634,T00528,6,F-B-M,"1,500",Customer J,Male,26,26-30,North,Product C,Black,S,600
6/4/2023,TP00958,T00851,6,F-R-M,"1,500",Customer J,Male,26,26-30,North,Product C,Red,M,600
6/4/2023,TP00276,T00216,9,F-B-M,"1,500",Customer F,Female,28,26-30,City,Product C,Green,S,600
6/4/2023,TP00277,T00216,10,F-B-L,"1,500",Customer E,Female,34,31-35,North,Product C,Red,S,600
6/4/2023,TP00666,T00560,1,S-B-M,500,Customer H,Female,22,21-25,West,Product D,Black,XL,300
6/4/2023,TP00273,T00214,3,S-W-L,500,Customer A,Female,36,36-40,East,Product D,Green,M,300
6/4/2023,TP00275,T00215,3,S-B-M,500,Customer A,Female,36,36-40,East,Product D,White,L,300
6/4/2023,TP00271,T00212,3,S-R-M,500,Customer A,Female,36,36-40,East,Product D,White,M,300
6/4/2023,TP00278,T00217,4,S-B-L,500,Customer C,Female,30,26-30,East,Product D,Red,M,300
6/4/2023,TP00849,T00742,6,S-B-L,500,Customer J,Male,26,26-30,North,Product D,Green,L,300
6/4/2023,TP00609,T00503,8,S-B-L,500,Customer G,Male,36,36-40,South,Product D,Red,XL,300
6/4/2023,TP00281,T00218,10,S-B-L,500,Customer E,Female,34,31-35,North,Product D,White,L,300
6/5/2023,TP00296,T00230,3,B-R-M,1000,Customer A,Female,36,36-40,East,Product A,Red,S,300
6/5/2023,TP00287,T00223,4,B-W-L,1000,Customer C,Female,30,26-30,East,Product A,Black,XL,300
6/5/2023,TP00957,T00850,9,B-B-L,1000,Customer F,Female,28,26-30,City,Product A,Black,M,300
6/5/2023,TP00938,T00831,10,B-B-L,1000,Customer E,Female,34,31-35,North,Product A,White,M,300
6/5/2023,TP00832,T00725,10,B-B-M,1000,Customer E,Female,34,31-35,North,Product A,Green,M,300
6/5/2023,TP00886,T00779,1,P-R-M,700,Customer H,Female,22,21-25,West,Product B,Green,M,420
6/5/2023,TP00293,T00228,2,P-W-L,700,Customer B,Male,27,26-30,West,Product B,Green,XL,420
6/5/2023,TP00908,T00801,2,P-R-M,700,Customer B,Male,27,26-30,West,Product B,Black,S,420
6/5/2023,TP00294,T00229,4,P-B-M,700,Customer C,Female,30,26-30,East,Product B,Green,S,420
6/5/2023,TP00502,T00396,4,P-B-M,700,Customer C,Female,30,26-30,East,Product B,Green,L,420
6/5/2023,TP00623,T00517,5,P-B-L,700,Customer D,Female,41,>40,West,Product B,Red,S,420
6/5/2023,TP00290,T00225,5,P-B-M,700,Customer D,Female,41,>40,West,Product B,White,M,420
6/5/2023,TP00289,T00224,6,P-B-M,700,Customer J,Male,26,26-30,North,Product B,Red,XL,420
6/5/2023,TP00657,T00551,8,P-B-M,700,Customer G,Male,36,36-40,South,Product B,Black,S,420
6/5/2023,TP00539,T00433,1,F-W-M,"1,500",Customer H,Female,22,21-25,West,Product C,Green,L,600
6/5/2023,TP00577,T00471,2,F-B-M,"1,500",Customer B,Male,27,26-30,West,Product C,Red,M,600
6/5/2023,TP00658,T00552,9,F-B-M,"1,500",Customer F,Female,28,26-30,City,Product C,Green,XL,600
6/5/2023,TP00558,T00452,1,S-B-L,500,Customer H,Female,22,21-25,West,Product D,Red,M,300
6/5/2023,TP00291,T00226,1,S-B-M,500,Customer H,Female,22,21-25,West,Product D,Red,S,300
6/5/2023,TP00797,T00691,1,S-B-M,500,Customer H,Female,22,21-25,West,Product D,Black,S,300
6/5/2023,TP00769,T00663,3,S-B-M,500,Customer A,Female,36,36-40,East,Product D,White,XL,300
6/5/2023,TP00286,T00222,3,S-W-M,500,Customer A,Female,36,36-40,East,Product D,White,S,300
6/5/2023,TP00292,T00227,8,S-B-L,500,Customer G,Male,36,36-40,South,Product D,White,XL,300
6/5/2023,TP00295,T00230,9,S-R-L,500,Customer F,Female,28,26-30,City,Product D,White,L,300
6/5/2023,TP00288,T00224,9,S-W-L,500,Customer F,Female,28,26-30,City,Product D,Black,M,300
6/6/2023,TP00571,T00465,1,B-B-M,1000,Customer H,Female,22,21-25,West,Product A,Green,L,300
6/6/2023,TP00299,T00233,3,B-B-M,1000,Customer A,Female,36,36-40,East,Product A,Red,L,300
6/6/2023,TP00301,T00235,4,B-W-L,1000,Customer C,Female,30,26-30,East,Product A,Green,S,300
6/6/2023,TP00981,T00874,5,B-R-L,1000,Customer D,Female,41,>40,West,Product A,Red,M,300
6/6/2023,TP00643,T00537,7,B-W-M,1000,Customer I,Female,31,31-35,West,Product A,Green,M,300
6/6/2023,TP00898,T00791,6,P-W-L,700,Customer J,Male,26,26-30,North,Product B,Black,M,420
6/6/2023,TP00605,T00499,8,P-B-L,700,Customer G,Male,36,36-40,South,Product B,Green,S,420
6/6/2023,TP00644,T00538,8,P-B-L,700,Customer G,Male,36,36-40,South,Product B,Black,L,420
6/6/2023,TP00297,T00231,9,P-B-M,700,Customer F,Female,28,26-30,City,Product B,White,M,420
6/6/2023,TP00298,T00232,10,P-B-M,700,Customer E,Female,34,31-35,North,Product B,Green,M,420
6/6/2023,TP00516,T00410,1,F-R-M,"1,500",Customer H,Female,22,21-25,West,Product C,Black,M,600
6/6/2023,TP00742,T00636,4,F-W-L,"1,500",Customer C,Female,30,26-30,East,Product C,Red,L,600
6/6/2023,TP00300,T00234,4,F-B-M,"1,500",Customer C,Female,30,26-30,East,Product C,Red,XL,600
6/6/2023,TP00636,T00530,9,F-W-L,"1,500",Customer F,Female,28,26-30,City,Product C,Red,L,600
6/7/2023,TP00304,T00238,4,B-B-M,1000,Customer C,Female,30,26-30,East,Product A,Green,S,300
6/7/2023,TP00305,T00239,7,B-R-L,1000,Customer I,Female,31,31-35,West,Product A,White,M,300
6/7/2023,TP00302,T00236,9,B-R-L,1000,Customer F,Female,28,26-30,City,Product A,Black,M,300
6/7/2023,TP00303,T00237,1,P-W-M,700,Customer H,Female,22,21-25,West,Product B,Black,XL,420
6/7/2023,TP00550,T00444,2,P-B-L,700,Customer B,Male,27,26-30,West,Product B,Black,XL,420
6/7/2023,TP00573,T00467,3,P-B-M,700,Customer A,Female,36,36-40,East,Product B,Black,L,420
6/7/2023,TP00599,T00493,5,P-B-M,700,Customer D,Female,41,>40,West,Product B,Red,XL,420
6/7/2023,TP00308,T00242,9,P-B-M,700,Customer F,Female,28,26-30,City,Product B,White,XL,420
6/7/2023,TP00807,T00700,10,P-W-M,700,Customer E,Female,34,31-35,North,Product B,Red,L,420
6/7/2023,TP00306,T00240,2,F-R-M,"1,500",Customer B,Male,27,26-30,West,Product C,Red,L,600
6/7/2023,TP00715,T00609,5,F-W-L,"1,500",Customer D,Female,41,>40,West,Product C,Green,L,600
6/7/2023,TP00711,T00605,5,F-B-M,"1,500",Customer D,Female,41,>40,West,Product C,Black,XL,600
6/7/2023,TP00804,T00697,7,F-B-L,"1,500",Customer I,Female,31,31-35,West,Product C,Red,M,600
6/7/2023,TP00503,T00397,2,S-W-L,500,Customer B,Male,27,26-30,West,Product D,White,L,300
6/7/2023,TP00307,T00241,3,S-B-L,500,Customer A,Female,36,36-40,East,Product D,White,S,300
6/7/2023,TP00311,T00244,4,S-R-L,500,Customer C,Female,30,26-30,East,Product D,Red,L,300
6/7/2023,TP00310,T00244,4,S-W-M,500,Customer C,Female,30,26-30,East,Product D,White,L,300
6/7/2023,TP00309,T00243,7,S-R-M,500,Customer I,Female,31,31-35,West,Product D,White,XL,300
6/7/2023,TP00994,T00887,10,S-W-M,500,Customer E,Female,34,31-35,North,Product D,Red,S,300
6/8/2023,TP00320,T00252,3,B-B-L,1000,Customer A,Female,36,36-40,East,Product A,Green,L,300
6/8/2023,TP00318,T00250,6,B-B-L,1000,Customer J,Male,26,26-30,North,Product A,Red,M,300
6/8/2023,TP00801,T00694,6,B-B-L,1000,Customer J,Male,26,26-30,North,Product A,Black,XL,300
6/8/2023,TP00566,T00460,10,B-B-M,1000,Customer E,Female,34,31-35,North,Product A,Red,XL,300
6/8/2023,TP00739,T00633,1,P-R-L,700,Customer H,Female,22,21-25,West,Product B,Red,XL,420
6/8/2023,TP00314,T00247,1,P-W-M,700,Customer H,Female,22,21-25,West,Product B,Green,S,420
6/8/2023,TP00313,T00246,3,P-R-L,700,Customer A,Female,36,36-40,East,Product B,White,XL,420
6/8/2023,TP00625,T00519,5,P-R-M,700,Customer D,Female,41,>40,West,Product B,Green,S,420
6/8/2023,TP00717,T00611,6,P-B-L,700,Customer J,Male,26,26-30,North,Product B,Red,L,420
6/8/2023,TP00523,T00417,6,P-B-M,700,Customer J,Male,26,26-30,North,Product B,Red,L,420
6/8/2023,TP00925,T00818,6,P-W-M,700,Customer J,Male,26,26-30,North,Product B,Black,M,420
6/8/2023,TP00321,T00253,7,P-B-L,700,Customer I,Female,31,31-35,West,Product B,Black,S,420
6/8/2023,TP00856,T00749,7,P-B-M,700,Customer I,Female,31,31-35,West,Product B,Green,M,420
6/8/2023,TP00979,T00872,8,P-R-L,700,Customer G,Male,36,36-40,South,Product B,Red,S,420
6/8/2023,TP00833,T00726,9,P-R-M,700,Customer F,Female,28,26-30,City,Product B,Green,S,420
6/8/2023,TP00867,T00760,10,P-R-L,700,Customer E,Female,34,31-35,North,Product B,Green,XL,420
6/8/2023,TP00315,T00248,1,F-R-L,"1,500",Customer H,Female,22,21-25,West,Product C,Black,M,600
6/8/2023,TP00896,T00789,6,F-B-M,"1,500",Customer J,Male,26,26-30,North,Product C,White,M,600
6/8/2023,TP00690,T00584,6,F-W-M,"1,500",Customer J,Male,26,26-30,North,Product C,Red,M,600
6/8/2023,TP00319,T00251,10,F-B-L,"1,500",Customer E,Female,34,31-35,North,Product C,Red,S,600
6/8/2023,TP00317,T00249,2,S-R-L,500,Customer B,Male,27,26-30,West,Product D,White,S,300
6/8/2023,TP00744,T00638,3,S-B-M,500,Customer A,Female,36,36-40,East,Product D,Black,XL,300
6/8/2023,TP00316,T00248,4,S-R-M,500,Customer C,Female,30,26-30,East,Product D,Green,M,300
6/8/2023,TP00312,T00245,5,S-R-M,500,Customer D,Female,41,>40,West,Product D,Red,XL,300
6/8/2023,TP00664,T00558,6,S-B-L,500,Customer J,Male,26,26-30,North,Product D,White,M,300
6/9/2023,TP00700,T00594,5,B-B-L,1000,Customer D,Female,41,>40,West,Product A,White,XL,300
6/9/2023,TP00656,T00550,5,B-B-M,1000,Customer D,Female,41,>40,West,Product A,Black,M,300
6/9/2023,TP00334,T00264,5,B-W-M,1000,Customer D,Female,41,>40,West,Product A,Black,M,300
6/9/2023,TP00325,T00256,6,B-R-L,1000,Customer J,Male,26,26-30,North,Product A,Red,M,300
6/9/2023,TP00332,T00262,6,B-R-L,1000,Customer J,Male,26,26-30,North,Product A,White,S,300
6/9/2023,TP00922,T00815,6,B-R-L,1000,Customer J,Male,26,26-30,North,Product A,Black,L,300
6/9/2023,TP00594,T00488,6,B-W-L,1000,Customer J,Male,26,26-30,North,Product A,Red,S,300
6/9/2023,TP00329,T00259,7,B-W-M,1000,Customer I,Female,31,31-35,West,Product A,White,XL,300
6/9/2023,TP00322,T00254,8,B-R-L,1000,Customer G,Male,36,36-40,South,Product A,Black,S,300
6/9/2023,TP00846,T00739,8,B-W-L,1000,Customer G,Male,36,36-40,South,Product A,White,L,300
6/9/2023,TP00333,T00263,1,P-B-L,700,Customer H,Female,22,21-25,West,Product B,Green,S,420
6/9/2023,TP00903,T00796,1,P-B-L,700,Customer H,Female,22,21-25,West,Product B,Green,S,420
6/9/2023,TP00335,T00265,3,P-R-L,700,Customer A,Female,36,36-40,East,Product B,Red,XL,420
6/9/2023,TP00798,T00692,3,P-B-M,700,Customer A,Female,36,36-40,East,Product B,Green,M,420
6/9/2023,TP00331,T00261,2,F-B-M,"1,500",Customer B,Male,27,26-30,West,Product C,Red,M,600
6/9/2023,TP00327,T00258,3,F-B-L,"1,500",Customer A,Female,36,36-40,East,Product C,Black,XL,600
6/9/2023,TP00789,T00683,3,F-B-M,"1,500",Customer A,Female,36,36-40,East,Product C,Green,S,600
6/9/2023,TP00330,T00260,3,F-W-M,"1,500",Customer A,Female,36,36-40,East,Product C,Red,M,600
6/9/2023,TP00326,T00257,5,F-R-M,"1,500",Customer D,Female,41,>40,West,Product C,White,M,600
6/9/2023,TP00549,T00443,7,F-W-M,"1,500",Customer I,Female,31,31-35,West,Product C,Black,M,600
6/9/2023,TP00842,T00735,8,F-B-M,"1,500",Customer G,Male,36,36-40,South,Product C,Black,S,600
6/9/2023,TP00870,T00763,10,F-R-L,"1,500",Customer E,Female,34,31-35,North,Product C,Red,XL,600
6/9/2023,TP00995,T00888,2,S-B-M,500,Customer B,Male,27,26-30,West,Product D,Black,M,300
6/9/2023,TP00324,T00256,2,S-R-M,500,Customer B,Male,27,26-30,West,Product D,Black,L,300
6/9/2023,TP00328,T00259,3,S-W-L,500,Customer A,Female,36,36-40,East,Product D,White,S,300
6/9/2023,TP00323,T00255,6,S-R-L,500,Customer J,Male,26,26-30,North,Product D,Black,L,300
6/10/2023,TP00933,T00826,3,B-B-L,1000,Customer A,Female,36,36-40,East,Product A,Red,M,300
6/10/2023,TP00509,T00403,3,B-W-L,1000,Customer A,Female,36,36-40,East,Product A,Red,S,300
6/10/2023,TP00339,T00267,4,B-B-M,1000,Customer C,Female,30,26-30,East,Product A,White,M,300
6/10/2023,TP00968,T00861,4,B-B-M,1000,Customer C,Female,30,26-30,East,Product A,White,L,300
6/10/2023,TP00347,T00274,4,B-R-M,1000,Customer C,Female,30,26-30,East,Product A,Black,XL,300
6/10/2023,TP00932,T00825,7,B-R-L,1000,Customer I,Female,31,31-35,West,Product A,Green,S,300
6/10/2023,TP00341,T00269,7,B-W-M,1000,Customer I,Female,31,31-35,West,Product A,Black,S,300
6/10/2023,TP00736,T00630,9,B-W-L,1000,Customer F,Female,28,26-30,City,Product A,Red,L,300
6/10/2023,TP00337,T00266,10,B-W-L,1000,Customer E,Female,34,31-35,North,Product A,Red,M,300
6/10/2023,TP00828,T00721,4,P-R-M,700,Customer C,Female,30,26-30,East,Product B,Red,S,420
6/10/2023,TP00771,T00665,7,P-R-M,700,Customer I,Female,31,31-35,West,Product B,Green,S,420
6/10/2023,TP00853,T00746,8,P-B-L,700,Customer G,Male,36,36-40,South,Product B,Green,M,420
6/10/2023,TP00340,T00268,8,P-B-M,700,Customer G,Male,36,36-40,South,Product B,Green,M,420
6/10/2023,TP00349,T00276,10,P-B-M,700,Customer E,Female,34,31-35,North,Product B,Green,L,420
6/10/2023,TP00348,T00275,10,P-R-M,700,Customer E,Female,34,31-35,North,Product B,White,S,420
6/10/2023,TP00346,T00273,1,F-B-M,"1,500",Customer H,Female,22,21-25,West,Product C,Red,S,600
6/10/2023,TP00343,T00271,8,F-B-M,"1,500",Customer G,Male,36,36-40,South,Product C,Black,S,600
6/10/2023,TP00344,T00271,8,F-W-M,"1,500",Customer G,Male,36,36-40,South,Product C,Red,M,600
6/10/2023,TP00580,T00474,9,F-R-L,"1,500",Customer F,Female,28,26-30,City,Product C,Black,XL,600
6/10/2023,TP00878,T00771,4,S-B-M,500,Customer C,Female,30,26-30,East,Product D,White,M,300
6/10/2023,TP00529,T00423,5,S-R-L,500,Customer D,Female,41,>40,West,Product D,White,M,300
6/10/2023,TP00342,T00270,6,S-R-L,500,Customer J,Male,26,26-30,North,Product D,White,XL,300
6/10/2023,TP00345,T00272,7,S-B-L,500,Customer I,Female,31,31-35,West,Product D,Red,L,300
6/10/2023,TP00338,T00267,9,S-R-L,500,Customer F,Female,28,26-30,City,Product D,White,L,300
6/10/2023,TP00336,T00266,10,S-R-M,500,Customer E,Female,34,31-35,North,Product D,Red,S,300
6/11/2023,TP00707,T00601,1,B-B-L,1000,Customer H,Female,22,21-25,West,Product A,Black,S,300
6/11/2023,TP00354,T00280,2,B-B-M,1000,Customer B,Male,27,26-30,West,Product A,Green,S,300
6/11/2023,TP00560,T00454,2,B-R-M,1000,Customer B,Male,27,26-30,West,Product A,Black,M,300
6/11/2023,TP00351,T00277,3,B-W-M,1000,Customer A,Female,36,36-40,East,Product A,Green,M,300
6/11/2023,TP00352,T00278,5,B-W-M,1000,Customer D,Female,41,>40,West,Product A,White,S,300
6/11/2023,TP00356,T00281,8,B-B-L,1000,Customer G,Male,36,36-40,South,Product A,White,XL,300
6/11/2023,TP00607,T00501,1,P-B-M,700,Customer H,Female,22,21-25,West,Product B,Green,M,420
6/11/2023,TP00361,T00286,1,P-W-M,700,Customer H,Female,22,21-25,West,Product B,White,L,420
6/11/2023,TP00359,T00284,3,P-R-L,700,Customer A,Female,36,36-40,East,Product B,White,XL,420
6/11/2023,TP00355,T00280,5,P-B-M,700,Customer D,Female,41,>40,West,Product B,White,L,420
6/11/2023,TP00888,T00781,10,P-B-L,700,Customer E,Female,34,31-35,North,Product B,Red,S,420
6/11/2023,TP00790,T00684,3,F-W-M,"1,500",Customer A,Female,36,36-40,East,Product C,White,M,600
6/11/2023,TP00360,T00285,5,F-R-L,"1,500",Customer D,Female,41,>40,West,Product C,Red,L,600
6/11/2023,TP00546,T00440,6,F-B-L,"1,500",Customer J,Male,26,26-30,North,Product C,Green,XL,600
6/11/2023,TP00350,T00277,7,F-R-L,"1,500",Customer I,Female,31,31-35,West,Product C,White,XL,600
6/11/2023,TP00353,T00279,9,F-B-L,"1,500",Customer F,Female,28,26-30,City,Product C,Black,XL,600
6/11/2023,TP00892,T00785,10,F-W-L,"1,500",Customer E,Female,34,31-35,North,Product C,White,XL,600
6/11/2023,TP00581,T00475,2,S-B-M,500,Customer B,Male,27,26-30,West,Product D,Red,S,300
6/11/2023,TP00362,T00286,3,S-B-M,500,Customer A,Female,36,36-40,East,Product D,Green,S,300
6/11/2023,TP00588,T00482,3,S-R-M,500,Customer A,Female,36,36-40,East,Product D,White,XL,300
6/11/2023,TP00357,T00282,8,S-W-L,500,Customer G,Male,36,36-40,South,Product D,Black,M,300
6/11/2023,TP00358,T00283,10,S-B-M,500,Customer E,Female,34,31-35,North,Product D,White,XL,300
6/12/2023,TP00784,T00678,4,B-R-L,1000,Customer C,Female,30,26-30,East,Product A,Black,S,300
6/12/2023,TP00365,T00289,9,B-B-M,1000,Customer F,Female,28,26-30,City,Product A,Black,L,300
6/12/2023,TP00669,T00563,5,P-B-L,700,Customer D,Female,41,>40,West,Product B,Black,L,420
6/12/2023,TP00554,T00448,5,P-W-L,700,Customer D,Female,41,>40,West,Product B,Black,XL,420
6/12/2023,TP00752,T00646,9,P-R-L,700,Customer F,Female,28,26-30,City,Product B,Red,XL,420
6/12/2023,TP00368,T00291,9,P-B-M,700,Customer F,Female,28,26-30,City,Product B,Black,S,420
6/12/2023,TP00584,T00478,10,P-R-M,700,Customer E,Female,34,31-35,North,Product B,Green,XL,420
6/12/2023,TP00363,T00287,6,F-W-L,"1,500",Customer J,Male,26,26-30,North,Product C,Red,M,600
6/12/2023,TP00369,T00292,6,F-R-M,"1,500",Customer J,Male,26,26-30,North,Product C,Black,L,600
6/12/2023,TP00364,T00288,6,F-W-M,"1,500",Customer J,Male,26,26-30,North,Product C,Black,S,600
6/12/2023,TP00990,T00883,9,F-B-M,"1,500",Customer F,Female,28,26-30,City,Product C,Black,XL,600
6/12/2023,TP00370,T00293,10,F-R-L,"1,500",Customer E,Female,34,31-35,North,Product C,Green,XL,600
6/12/2023,TP00706,T00600,1,S-B-M,500,Customer H,Female,22,21-25,West,Product D,Green,L,300
6/12/2023,TP00641,T00535,2,S-B-M,500,Customer B,Male,27,26-30,West,Product D,White,M,300
6/12/2023,TP00970,T00863,4,S-B-M,500,Customer C,Female,30,26-30,East,Product D,White,S,300
6/12/2023,TP00366,T00290,6,S-B-L,500,Customer J,Male,26,26-30,North,Product D,White,S,300
6/12/2023,TP00367,T00290,6,S-R-M,500,Customer J,Male,26,26-30,North,Product D,Black,XL,300
6/12/2023,TP00604,T00498,7,S-R-L,500,Customer I,Female,31,31-35,West,Product D,Black,L,300
6/12/2023,TP00779,T00673,8,S-B-L,500,Customer G,Male,36,36-40,South,Product D,Black,M,300
6/12/2023,TP00859,T00752,9,S-R-M,500,Customer F,Female,28,26-30,City,Product D,White,XL,300
6/12/2023,TP00961,T00854,10,S-W-M,500,Customer E,Female,34,31-35,North,Product D,Black,S,300
6/13/2023,TP00969,T00862,2,B-R-M,1000,Customer B,Male,27,26-30,West,Product A,White,L,300
6/13/2023,TP00987,T00880,3,B-B-L,1000,Customer A,Female,36,36-40,East,Product A,Green,L,300
6/13/2023,TP00746,T00640,3,B-B-M,1000,Customer A,Female,36,36-40,East,Product A,Red,S,300
6/13/2023,TP00843,T00736,3,B-W-M,1000,Customer A,Female,36,36-40,East,Product A,White,L,300
6/13/2023,TP00879,T00772,4,B-R-M,1000,Customer C,Female,30,26-30,East,Product A,Black,L,300
6/13/2023,TP00371,T00294,5,B-B-L,1000,Customer D,Female,41,>40,West,Product A,Green,M,300
6/13/2023,TP00372,T00295,5,B-B-L,1000,Customer D,Female,41,>40,West,Product A,Green,L,300
6/13/2023,TP00699,T00593,6,B-R-M,1000,Customer J,Male,26,26-30,North,Product A,White,L,300
6/13/2023,TP00373,T00295,7,B-B-L,1000,Customer I,Female,31,31-35,West,Product A,Green,XL,300
6/13/2023,TP00378,T00299,1,P-B-M,700,Customer H,Female,22,21-25,West,Product B,Green,M,420
6/13/2023,TP00377,T00298,3,P-B-L,700,Customer A,Female,36,36-40,East,Product B,Green,L,420
6/13/2023,TP00857,T00750,3,P-B-L,700,Customer A,Female,36,36-40,East,Product B,Red,L,420
6/13/2023,TP00379,T00300,5,P-W-M,700,Customer D,Female,41,>40,West,Product B,Red,M,420
6/13/2023,TP00375,T00296,6,P-R-L,700,Customer J,Male,26,26-30,North,Product B,White,L,420
6/13/2023,TP00780,T00674,8,P-W-L,700,Customer G,Male,36,36-40,South,Product B,White,XL,420
6/13/2023,TP00731,T00625,9,P-R-M,700,Customer F,Female,28,26-30,City,Product B,Red,XL,420
6/13/2023,TP00376,T00297,10,P-B-M,700,Customer E,Female,34,31-35,North,Product B,White,L,420
6/13/2023,TP00964,T00857,3,F-R-L,"1,500",Customer A,Female,36,36-40,East,Product C,White,XL,600
6/13/2023,TP00374,T00296,4,F-B-L,"1,500",Customer C,Female,30,26-30,East,Product C,Red,S,600
6/13/2023,TP00966,T00859,5,F-W-M,"1,500",Customer D,Female,41,>40,West,Product C,Green,S,600
6/13/2023,TP00759,T00653,8,F-R-L,"1,500",Customer G,Male,36,36-40,South,Product C,White,XL,600
6/13/2023,TP00967,T00860,9,F-B-M,"1,500",Customer F,Female,28,26-30,City,Product C,White,S,600
6/13/2023,TP00811,T00704,3,S-R-L,500,Customer A,Female,36,36-40,East,Product D,White,S,300
6/13/2023,TP00948,T00841,9,S-R-M,500,Customer F,Female,28,26-30,City,Product D,Red,XL,300
6/14/2023,TP00387,T00307,1,B-W-M,1000,Customer H,Female,22,21-25,West,Product A,White,L,300
6/14/2023,TP00381,T00302,3,B-W-M,1000,Customer A,Female,36,36-40,East,Product A,Black,S,300
6/14/2023,TP00662,T00556,4,B-R-L,1000,Customer C,Female,30,26-30,East,Product A,Black,XL,300
6/14/2023,TP00392,T00310,9,B-B-L,1000,Customer F,Female,28,26-30,City,Product A,Green,L,300
6/14/2023,TP00382,T00302,9,B-B-M,1000,Customer F,Female,28,26-30,City,Product A,Black,S,300
6/14/2023,TP00390,T00308,10,B-B-L,1000,Customer E,Female,34,31-35,North,Product A,Green,XL,300
6/14/2023,TP00668,T00562,1,P-W-L,700,Customer H,Female,22,21-25,West,Product B,Black,L,420
6/14/2023,TP00941,T00834,1,P-W-M,700,Customer H,Female,22,21-25,West,Product B,White,S,420
6/14/2023,TP00875,T00768,2,P-B-M,700,Customer B,Male,27,26-30,West,Product B,Red,M,420
6/14/2023,TP00676,T00570,4,P-B-L,700,Customer C,Female,30,26-30,East,Product B,White,M,420
6/14/2023,TP00385,T00305,6,P-B-L,700,Customer J,Male,26,26-30,North,Product B,Black,XL,420
6/14/2023,TP00826,T00719,7,P-B-M,700,Customer I,Female,31,31-35,West,Product B,Black,L,420
6/14/2023,TP00837,T00730,8,P-R-M,700,Customer G,Male,36,36-40,South,Product B,Red,XL,420
6/14/2023,TP00383,T00303,9,P-W-L,700,Customer F,Female,28,26-30,City,Product B,White,M,420
6/14/2023,TP00391,T00309,9,P-R-M,700,Customer F,Female,28,26-30,City,Product B,Black,M,420
6/14/2023,TP00548,T00442,10,P-B-M,700,Customer E,Female,34,31-35,North,Product B,Green,L,420
6/14/2023,TP00386,T00306,10,P-R-M,700,Customer E,Female,34,31-35,North,Product B,Red,M,420
6/14/2023,TP00388,T00308,1,F-R-L,"1,500",Customer H,Female,22,21-25,West,Product C,Green,M,600
6/14/2023,TP00757,T00651,5,F-W-M,"1,500",Customer D,Female,41,>40,West,Product C,Red,M,600
6/14/2023,TP00514,T00408,6,F-B-M,"1,500",Customer J,Male,26,26-30,North,Product C,White,S,600
6/14/2023,TP00962,T00855,8,F-B-L,"1,500",Customer G,Male,36,36-40,South,Product C,White,XL,600
6/14/2023,TP00993,T00886,8,F-R-M,"1,500",Customer G,Male,36,36-40,South,Product C,Red,M,600
6/14/2023,TP00726,T00620,9,F-W-L,"1,500",Customer F,Female,28,26-30,City,Product C,White,L,600
6/14/2023,TP00380,T00301,2,S-B-L,500,Customer B,Male,27,26-30,West,Product D,Black,M,300
6/14/2023,TP00724,T00618,4,S-B-L,500,Customer C,Female,30,26-30,East,Product D,White,L,300
6/14/2023,TP00991,T00884,4,S-R-L,500,Customer C,Female,30,26-30,East,Product D,Black,S,300
6/14/2023,TP00389,T00308,5,S-B-M,500,Customer D,Female,41,>40,West,Product D,Red,L,300
6/14/2023,TP00869,T00762,6,S-B-L,500,Customer J,Male,26,26-30,North,Product D,Black,XL,300
6/14/2023,TP00384,T00304,6,S-B-M,500,Customer J,Male,26,26-30,North,Product D,Black,XL,300
6/14/2023,TP00600,T00494,7,S-B-L,500,Customer I,Female,31,31-35,West,Product D,Green,S,300
6/14/2023,TP00713,T00607,7,S-R-L,500,Customer I,Female,31,31-35,West,Product D,Red,M,300
6/14/2023,TP00510,T00404,7,S-B-M,500,Customer I,Female,31,31-35,West,Product D,Red,M,300
6/14/2023,TP00617,T00511,8,S-R-L,500,Customer G,Male,36,36-40,South,Product D,White,XL,300
6/14/2023,TP00984,T00877,8,S-R-L,500,Customer G,Male,36,36-40,South,Product D,White,XL,300
6/15/2023,TP00660,T00554,1,B-W-M,1000,Customer H,Female,22,21-25,West,Product A,Red,S,300
6/15/2023,TP00395,T00312,3,B-B-L,1000,Customer A,Female,36,36-40,East,Product A,Black,M,300
6/15/2023,TP00919,T00812,3,B-B-L,1000,Customer A,Female,36,36-40,East,Product A,Green,M,300
6/15/2023,TP00705,T00599,3,B-B-M,1000,Customer A,Female,36,36-40,East,Product A,Red,L,300
6/15/2023,TP00783,T00677,5,B-R-M,1000,Customer D,Female,41,>40,West,Product A,Green,L,300
6/15/2023,TP00400,T00317,2,P-B-M,700,Customer B,Male,27,26-30,West,Product B,Green,M,420
6/15/2023,TP00393,T00311,3,P-W-L,700,Customer A,Female,36,36-40,East,Product B,Green,S,420
6/15/2023,TP00399,T00316,4,P-B-L,700,Customer C,Female,30,26-30,East,Product B,Red,M,420
6/15/2023,TP00401,T00318,4,P-B-M,700,Customer C,Female,30,26-30,East,Product B,White,M,420
6/15/2023,TP00874,T00767,8,P-B-M,700,Customer G,Male,36,36-40,South,Product B,Black,S,420
6/15/2023,TP00791,T00685,9,P-R-L,700,Customer F,Female,28,26-30,City,Product B,White,XL,420
6/15/2023,TP00398,T00315,1,F-B-L,"1,500",Customer H,Female,22,21-25,West,Product C,Green,M,600
6/15/2023,TP00894,T00787,3,F-R-M,"1,500",Customer A,Female,36,36-40,East,Product C,White,XL,600
6/15/2023,TP00704,T00598,5,F-B-M,"1,500",Customer D,Female,41,>40,West,Product C,Red,L,600
6/15/2023,TP00402,T00319,8,F-B-L,"1,500",Customer G,Male,36,36-40,South,Product C,Green,S,600
6/15/2023,TP00396,T00313,9,F-R-L,"1,500",Customer F,Female,28,26-30,City,Product C,Black,XL,600
6/15/2023,TP00765,T00659,9,F-R-L,"1,500",Customer F,Female,28,26-30,City,Product C,Green,XL,600
6/15/2023,TP00564,T00458,10,F-B-M,"1,500",Customer E,Female,34,31-35,North,Product C,White,L,600
6/15/2023,TP00403,T00320,2,S-B-L,500,Customer B,Male,27,26-30,West,Product D,Red,XL,300
6/15/2023,TP00397,T00314,4,S-B-L,500,Customer C,Female,30,26-30,East,Product D,Black,L,300
6/15/2023,TP00394,T00312,9,S-R-L,500,Customer F,Female,28,26-30,City,Product D,Red,S,300
6/16/2023,TP00413,T00329,3,B-B-L,1000,Customer A,Female,36,36-40,East,Product A,Red,S,300
6/16/2023,TP00976,T00869,3,B-R-L,1000,Customer A,Female,36,36-40,East,Product A,White,S,300
6/16/2023,TP00750,T00644,6,B-R-M,1000,Customer J,Male,26,26-30,North,Product A,Red,S,300
6/16/2023,TP00411,T00327,8,B-R-M,1000,Customer G,Male,36,36-40,South,Product A,White,S,300
6/16/2023,TP00882,T00775,8,B-W-M,1000,Customer G,Male,36,36-40,South,Product A,Green,L,300
6/16/2023,TP00405,T00322,10,B-R-M,1000,Customer E,Female,34,31-35,North,Product A,Red,M,300
6/16/2023,TP00971,T00864,1,P-B-L,700,Customer H,Female,22,21-25,West,Product B,Green,S,420
6/16/2023,TP00414,T00330,3,P-R-L,700,Customer A,Female,36,36-40,East,Product B,Green,S,420
6/16/2023,TP00698,T00592,3,P-W-L,700,Customer A,Female,36,36-40,East,Product B,Red,S,420
6/16/2023,TP00615,T00509,4,P-W-M,700,Customer C,Female,30,26-30,East,Product B,Red,S,420
6/16/2023,TP00407,T00323,5,P-R-L,700,Customer D,Female,41,>40,West,Product B,Black,XL,420
6/16/2023,TP00410,T00326,8,P-B-M,700,Customer G,Male,36,36-40,South,Product B,Green,M,420
6/16/2023,TP00409,T00325,1,F-W-M,"1,500",Customer H,Female,22,21-25,West,Product C,Black,S,600
6/16/2023,TP00942,T00835,2,F-W-L,"1,500",Customer B,Male,27,26-30,West,Product C,Green,XL,600
6/16/2023,TP00829,T00722,4,F-W-M,"1,500",Customer C,Female,30,26-30,East,Product C,Green,S,600
6/16/2023,TP00603,T00497,5,F-R-L,"1,500",Customer D,Female,41,>40,West,Product C,White,XL,600
6/16/2023,TP00863,T00756,6,F-R-L,"1,500",Customer J,Male,26,26-30,North,Product C,Green,L,600
6/16/2023,TP00590,T00484,6,F-B-M,"1,500",Customer J,Male,26,26-30,North,Product C,White,L,600
6/16/2023,TP00415,T00331,7,F-B-L,"1,500",Customer I,Female,31,31-35,West,Product C,Black,M,600
6/16/2023,TP00835,T00728,9,F-W-L,"1,500",Customer F,Female,28,26-30,City,Product C,White,M,600
6/16/2023,TP00408,T00324,1,S-B-M,500,Customer H,Female,22,21-25,West,Product D,Green,M,300
6/16/2023,TP00406,T00322,2,S-B-M,500,Customer B,Male,27,26-30,West,Product D,White,L,300
6/16/2023,TP00404,T00321,3,S-W-L,500,Customer A,Female,36,36-40,East,Product D,Black,L,300
6/16/2023,TP00412,T00328,6,S-B-M,500,Customer J,Male,26,26-30,North,Product D,White,S,300
6/16/2023,TP00416,T00332,9,S-W-L,500,Customer F,Female,28,26-30,City,Product D,Black,L,300
6/16/2023,TP00694,T00588,9,S-R-M,500,Customer F,Female,28,26-30,City,Product D,Green,M,300
6/17/2023,TP00741,T00635,3,B-B-L,1000,Customer A,Female,36,36-40,East,Product A,Red,S,300
6/17/2023,TP00418,T00334,4,B-R-L,1000,Customer C,Female,30,26-30,East,Product A,White,M,300
6/17/2023,TP00417,T00333,8,B-B-L,1000,Customer G,Male,36,36-40,South,Product A,Black,L,300
6/17/2023,TP00702,T00596,1,P-B-M,700,Customer H,Female,22,21-25,West,Product B,Red,M,420
6/17/2023,TP00424,T00338,2,P-R-L,700,Customer B,Male,27,26-30,West,Product B,Red,M,420
6/17/2023,TP00422,T00337,7,P-B-L,700,Customer I,Female,31,31-35,West,Product B,White,S,420
6/17/2023,TP00988,T00881,8,P-B-M,700,Customer G,Male,36,36-40,South,Product B,Red,M,420
6/17/2023,TP00421,T00336,10,P-B-M,700,Customer E,Female,34,31-35,North,Product B,Black,XL,420
6/17/2023,TP00426,T00340,1,F-W-L,"1,500",Customer H,Female,22,21-25,West,Product C,White,S,600
6/17/2023,TP00733,T00627,1,F-W-M,"1,500",Customer H,Female,22,21-25,West,Product C,Green,XL,600
6/17/2023,TP00420,T00336,2,F-R-L,"1,500",Customer B,Male,27,26-30,West,Product C,Red,S,600
6/17/2023,TP00419,T00335,3,F-B-L,"1,500",Customer A,Female,36,36-40,East,Product C,Green,L,600
6/17/2023,TP00425,T00339,3,F-B-L,"1,500",Customer A,Female,36,36-40,East,Product C,Black,L,600
6/17/2023,TP00808,T00701,7,F-B-L,"1,500",Customer I,Female,31,31-35,West,Product C,Green,M,600
6/17/2023,TP00568,T00462,8,F-W-L,"1,500",Customer G,Male,36,36-40,South,Product C,Red,S,600
6/17/2023,TP00423,T00338,9,F-R-M,"1,500",Customer F,Female,28,26-30,City,Product C,White,M,600
6/17/2023,TP00937,T00830,1,S-B-M,500,Customer H,Female,22,21-25,West,Product D,Green,S,300
6/17/2023,TP00684,T00578,2,S-B-M,500,Customer B,Male,27,26-30,West,Product D,Black,M,300
6/17/2023,TP00575,T00469,3,S-R-M,500,Customer A,Female,36,36-40,East,Product D,Black,S,300
6/17/2023,TP00613,T00507,6,S-W-L,500,Customer J,Male,26,26-30,North,Product D,Green,L,300
6/17/2023,TP00982,T00875,6,S-B-M,500,Customer J,Male,26,26-30,North,Product D,Black,L,300
6/17/2023,TP00532,T00426,9,S-B-L,500,Customer F,Female,28,26-30,City,Product D,White,L,300
6/17/2023,TP00627,T00521,10,S-B-M,500,Customer E,Female,34,31-35,North,Product D,Black,XL,300
6/18/2023,TP00427,T00341,1,B-R-L,1000,Customer H,Female,22,21-25,West,Product A,White,M,300
6/18/2023,TP00433,T00345,2,B-B-M,1000,Customer B,Male,27,26-30,West,Product A,White,L,300
6/18/2023,TP00430,T00343,5,B-R-M,1000,Customer D,Female,41,>40,West,Product A,Green,M,300
6/18/2023,TP00597,T00491,8,B-R-L,1000,Customer G,Male,36,36-40,South,Product A,White,L,300
6/18/2023,TP00954,T00847,1,P-W-M,700,Customer H,Female,22,21-25,West,Product B,Green,S,420
6/18/2023,TP00431,T00344,3,P-B-L,700,Customer A,Female,36,36-40,East,Product B,Green,XL,420
6/18/2023,TP00429,T00342,10,P-R-M,700,Customer E,Female,34,31-35,North,Product B,Black,M,420
6/18/2023,TP00435,T00346,1,F-W-L,"1,500",Customer H,Female,22,21-25,West,Product C,Green,XL,600
6/18/2023,TP00589,T00483,1,F-W-M,"1,500",Customer H,Female,22,21-25,West,Product C,Red,L,600
6/18/2023,TP00743,T00637,2,F-B-M,"1,500",Customer B,Male,27,26-30,West,Product C,White,S,600
6/18/2023,TP00436,T00347,3,F-B-M,"1,500",Customer A,Female,36,36-40,East,Product C,Red,XL,600
6/18/2023,TP00432,T00344,4,F-W-M,"1,500",Customer C,Female,30,26-30,East,Product C,Green,M,600
6/18/2023,TP00737,T00631,6,F-R-M,"1,500",Customer J,Male,26,26-30,North,Product C,Green,XL,600
6/18/2023,TP00513,T00407,7,F-B-M,"1,500",Customer I,Female,31,31-35,West,Product C,Red,S,600
6/18/2023,TP00434,T00346,2,S-B-L,500,Customer B,Male,27,26-30,West,Product D,Green,S,300
6/18/2023,TP00428,T00341,4,S-B-L,500,Customer C,Female,30,26-30,East,Product D,Black,XL,300
6/18/2023,TP00795,T00689,5,S-R-M,500,Customer D,Female,41,>40,West,Product D,Red,XL,300
6/18/2023,TP00974,T00867,6,S-B-M,500,Customer J,Male,26,26-30,North,Product D,Black,S,300
6/19/2023,TP00621,T00515,4,B-B-M,1000,Customer C,Female,30,26-30,East,Product A,Green,M,300
6/19/2023,TP00652,T00546,7,B-W-M,1000,Customer I,Female,31,31-35,West,Product A,Red,XL,300
6/19/2023,TP00438,T00348,8,B-R-M,1000,Customer G,Male,36,36-40,South,Product A,White,XL,300
6/19/2023,TP00792,T00686,10,B-W-M,1000,Customer E,Female,34,31-35,North,Product A,Red,L,300
6/19/2023,TP00441,T00350,3,P-B-L,700,Customer A,Female,36,36-40,East,Product B,White,L,420
6/19/2023,TP00449,T00357,3,P-B-L,700,Customer A,Female,36,36-40,East,Product B,Red,M,420
6/19/2023,TP00439,T00349,3,P-B-M,700,Customer A,Female,36,36-40,East,Product B,White,L,420
6/19/2023,TP00442,T00351,5,P-R-L,700,Customer D,Female,41,>40,West,Product B,Red,L,420
6/19/2023,TP00821,T00714,7,P-B-L,700,Customer I,Female,31,31-35,West,Product B,Green,XL,420
6/19/2023,TP00447,T00355,1,F-R-L,"1,500",Customer H,Female,22,21-25,West,Product C,Red,S,600
6/19/2023,TP00437,T00348,2,F-W-L,"1,500",Customer B,Male,27,26-30,West,Product C,Green,L,600
6/19/2023,TP00444,T00353,3,F-B-L,"1,500",Customer A,Female,36,36-40,East,Product C,White,S,600
6/19/2023,TP00985,T00878,3,F-B-M,"1,500",Customer A,Female,36,36-40,East,Product C,White,L,600
6/19/2023,TP00450,T00358,6,F-W-L,"1,500",Customer J,Male,26,26-30,North,Product C,White,XL,600
6/19/2023,TP00443,T00352,6,F-B-M,"1,500",Customer J,Male,26,26-30,North,Product C,Green,S,600
6/19/2023,TP00448,T00356,8,F-W-L,"1,500",Customer G,Male,36,36-40,South,Product C,Green,M,600
6/19/2023,TP00840,T00733,9,F-B-L,"1,500",Customer F,Female,28,26-30,City,Product C,Green,XL,600
6/19/2023,TP00689,T00583,1,S-B-L,500,Customer H,Female,22,21-25,West,Product D,Black,S,300
6/19/2023,TP00440,T00350,1,S-R-L,500,Customer H,Female,22,21-25,West,Product D,White,XL,300
6/19/2023,TP00446,T00354,5,S-R-L,500,Customer D,Female,41,>40,West,Product D,Black,M,300
6/19/2023,TP00445,T00353,5,S-W-L,500,Customer D,Female,41,>40,West,Product D,Black,M,300
6/19/2023,TP00825,T00718,6,S-B-L,500,Customer J,Male,26,26-30,North,Product D,Red,S,300
6/19/2023,TP00935,T00828,6,S-B-L,500,Customer J,Male,26,26-30,North,Product D,Black,L,300
6/20/2023,TP00456,T00363,1,B-R-L,1000,Customer H,Female,22,21-25,West,Product A,Black,M,300
6/20/2023,TP00458,T00365,2,B-B-M,1000,Customer B,Male,27,26-30,West,Product A,Red,L,300
6/20/2023,TP00866,T00759,3,B-W-L,1000,Customer A,Female,36,36-40,East,Product A,Red,M,300
6/20/2023,TP00973,T00866,4,B-R-M,1000,Customer C,Female,30,26-30,East,Product A,White,L,300
6/20/2023,TP00452,T00360,5,B-W-M,1000,Customer D,Female,41,>40,West,Product A,Green,L,300
6/20/2023,TP00858,T00751,7,B-B-L,1000,Customer I,Female,31,31-35,West,Product A,Green,S,300
6/20/2023,TP00457,T00364,8,B-R-L,1000,Customer G,Male,36,36-40,South,Product A,Red,L,300
6/20/2023,TP00673,T00567,9,B-R-L,1000,Customer F,Female,28,26-30,City,Product A,Red,S,300
6/20/2023,TP00462,T00368,6,P-B-M,700,Customer J,Male,26,26-30,North,Product B,Black,L,420
6/20/2023,TP00454,T00362,8,P-B-M,700,Customer G,Male,36,36-40,South,Product B,Green,L,420
6/20/2023,TP00459,T00366,9,P-W-M,700,Customer F,Female,28,26-30,City,Product B,Black,XL,420
6/20/2023,TP00465,T00370,1,F-R-L,"1,500",Customer H,Female,22,21-25,West,Product C,White,L,600
6/20/2023,TP00468,T00372,3,F-R-M,"1,500",Customer A,Female,36,36-40,East,Product C,White,L,600
6/20/2023,TP00467,T00371,4,F-R-L,"1,500",Customer C,Female,30,26-30,East,Product C,Green,L,600
6/20/2023,TP00466,T00371,5,F-W-L,"1,500",Customer D,Female,41,>40,West,Product C,Black,M,600
6/20/2023,TP00542,T00436,6,F-B-M,"1,500",Customer J,Male,26,26-30,North,Product C,Green,S,600
6/20/2023,TP00463,T00368,7,F-B-L,"1,500",Customer I,Female,31,31-35,West,Product C,Black,L,600
6/20/2023,TP00464,T00369,10,F-B-M,"1,500",Customer E,Female,34,31-35,North,Product C,Black,S,600
6/20/2023,TP00461,T00367,2,S-B-L,500,Customer B,Male,27,26-30,West,Product D,Black,L,300
6/20/2023,TP00460,T00366,3,S-W-L,500,Customer A,Female,36,36-40,East,Product D,Green,XL,300
6/20/2023,TP00455,T00362,3,S-B-M,500,Customer A,Female,36,36-40,East,Product D,White,M,300
6/20/2023,TP00451,T00359,4,S-B-L,500,Customer C,Female,30,26-30,East,Product D,Green,M,300
6/20/2023,TP00688,T00582,4,S-B-M,500,Customer C,Female,30,26-30,East,Product D,Black,M,300
6/20/2023,TP00453,T00361,6,S-B-M,500,Customer J,Male,26,26-30,North,Product D,Black,L,300
6/21/2023,TP00732,T00626,1,B-R-L,1000,Customer H,Female,22,21-25,West,Product A,Black,M,300
6/21/2023,TP00718,T00612,1,B-B-M,1000,Customer H,Female,22,21-25,West,Product A,Red,S,300
6/21/2023,TP00901,T00794,2,B-B-M,1000,Customer B,Male,27,26-30,West,Product A,Black,M,300
6/21/2023,TP00476,T00378,3,B-W-M,1000,Customer A,Female,36,36-40,East,Product A,Black,XL,300
6/21/2023,TP00470,T00374,4,B-B-M,1000,Customer C,Female,30,26-30,East,Product A,Black,S,300
6/21/2023,TP00583,T00477,5,B-B-M,1000,Customer D,Female,41,>40,West,Product A,Green,XL,300
6/21/2023,TP00830,T00723,5,B-B-M,1000,Customer D,Female,41,>40,West,Product A,White,M,300
6/21/2023,TP00471,T00375,7,B-R-L,1000,Customer I,Female,31,31-35,West,Product A,Green,M,300
6/21/2023,TP00914,T00807,7,B-B-M,1000,Customer I,Female,31,31-35,West,Product A,Green,S,300
6/21/2023,TP00473,T00376,8,B-B-M,1000,Customer G,Male,36,36-40,South,Product A,Green,M,300
6/21/2023,TP00555,T00449,9,B-B-M,1000,Customer F,Female,28,26-30,City,Product A,Red,M,300
6/21/2023,TP00586,T00480,10,B-R-L,1000,Customer E,Female,34,31-35,North,Product A,Black,M,300
6/21/2023,TP00772,T00666,2,P-W-L,700,Customer B,Male,27,26-30,West,Product B,White,XL,420
6/21/2023,TP00921,T00814,5,P-W-M,700,Customer D,Female,41,>40,West,Product B,Green,L,420
6/21/2023,TP00475,T00377,7,P-B-M,700,Customer I,Female,31,31-35,West,Product B,Black,S,420
6/21/2023,TP00854,T00747,9,P-W-M,700,Customer F,Female,28,26-30,City,Product B,Red,M,420
6/21/2023,TP00477,T00379,3,F-W-M,"1,500",Customer A,Female,36,36-40,East,Product C,Red,XL,600
6/21/2023,TP00785,T00679,4,F-W-L,"1,500",Customer C,Female,30,26-30,East,Product C,Red,XL,600
6/21/2023,TP00695,T00589,4,F-B-M,"1,500",Customer C,Female,30,26-30,East,Product C,White,L,600
6/21/2023,TP00478,T00380,9,F-R-M,"1,500",Customer F,Female,28,26-30,City,Product C,White,XL,600
6/21/2023,TP00745,T00639,9,F-W-M,"1,500",Customer F,Female,28,26-30,City,Product C,White,S,600
6/21/2023,TP00472,T00375,3,S-R-M,500,Customer A,Female,36,36-40,East,Product D,Black,XL,300
6/21/2023,TP00469,T00373,4,S-B-M,500,Customer C,Female,30,26-30,East,Product D,Red,M,300
6/21/2023,TP00474,T00376,6,S-W-M,500,Customer J,Male,26,26-30,North,Product D,Black,S,300
6/21/2023,TP00640,T00534,9,S-R-L,500,Customer F,Female,28,26-30,City,Product D,Green,S,300
6/21/2023,TP00814,T00707,9,S-R-M,500,Customer F,Female,28,26-30,City,Product D,Green,S,300
6/22/2023,TP00517,T00411,1,B-B-L,1000,Customer H,Female,22,21-25,West,Product A,Red,S,300
6/22/2023,TP00484,T00383,2,B-W-L,1000,Customer B,Male,27,26-30,West,Product A,White,M,300
6/22/2023,TP00480,T00382,3,B-W-M,1000,Customer A,Female,36,36-40,East,Product A,White,XL,300
6/22/2023,TP00788,T00682,4,B-B-L,1000,Customer C,Female,30,26-30,East,Product A,Black,XL,300
6/22/2023,TP00488,T00387,4,B-W-L,1000,Customer C,Female,30,26-30,East,Product A,Red,L,300
6/22/2023,TP00920,T00813,4,B-W-L,1000,Customer C,Female,30,26-30,East,Product A,Black,L,300
6/22/2023,TP00481,T00383,5,B-R-L,1000,Customer D,Female,41,>40,West,Product A,Green,S,300
6/22/2023,TP00763,T00657,5,B-W-M,1000,Customer D,Female,41,>40,West,Product A,Red,M,300
6/22/2023,TP00479,T00381,6,B-B-L,1000,Customer J,Male,26,26-30,North,Product A,Red,XL,300
6/22/2023,TP00482,T00383,8,B-B-L,1000,Customer G,Male,36,36-40,South,Product A,Red,XL,300
6/22/2023,TP00735,T00629,8,B-W-L,1000,Customer G,Male,36,36-40,South,Product A,White,L,300
6/22/2023,TP00504,T00398,10,B-B-L,1000,Customer E,Female,34,31-35,North,Product A,Black,XL,300
6/22/2023,TP00490,T00389,10,B-B-M,1000,Customer E,Female,34,31-35,North,Product A,Red,L,300
6/22/2023,TP00683,T00577,3,P-B-M,700,Customer A,Female,36,36-40,East,Product B,White,L,420
6/22/2023,TP00661,T00555,4,P-B-M,700,Customer C,Female,30,26-30,East,Product B,Red,XL,420
6/22/2023,TP00885,T00778,5,P-W-L,700,Customer D,Female,41,>40,West,Product B,Black,S,420
6/22/2023,TP00489,T00388,8,P-B-M,700,Customer G,Male,36,36-40,South,Product B,Black,L,420
6/22/2023,TP00836,T00729,3,F-B-L,"1,500",Customer A,Female,36,36-40,East,Product C,Green,S,600
6/22/2023,TP00720,T00614,3,F-W-L,"1,500",Customer A,Female,36,36-40,East,Product C,Green,L,600
6/22/2023,TP00650,T00544,9,F-B-M,"1,500",Customer F,Female,28,26-30,City,Product C,Green,XL,600
6/22/2023,TP00977,T00870,1,S-R-L,500,Customer H,Female,22,21-25,West,Product D,Red,XL,300
6/22/2023,TP00701,T00595,1,S-B-M,500,Customer H,Female,22,21-25,West,Product D,White,S,300
6/22/2023,TP00485,T00384,2,S-W-M,500,Customer B,Male,27,26-30,West,Product D,Red,S,300
6/22/2023,TP00483,T00383,3,S-B-M,500,Customer A,Female,36,36-40,East,Product D,White,S,300
6/22/2023,TP00674,T00568,5,S-R-L,500,Customer D,Female,41,>40,West,Product D,Red,M,300
6/22/2023,TP00487,T00386,5,S-B-M,500,Customer D,Female,41,>40,West,Product D,Red,M,300
6/22/2023,TP00486,T00385,8,S-R-M,500,Customer G,Male,36,36-40,South,Product D,Green,XL,300
6/22/2023,TP00602,T00496,10,S-R-L,500,Customer E,Female,34,31-35,North,Product D,Green,S,300
6/23/2023,TP00491,T00390,2,B-B-L,1000,Customer B,Male,27,26-30,West,Product A,Black,S,300
6/23/2023,TP00497,T00393,4,B-B-M,1000,Customer C,Female,30,26-30,East,Product A,Red,XL,300
6/23/2023,TP00841,T00734,5,B-B-L,1000,Customer D,Female,41,>40,West,Product A,Black,S,300
6/23/2023,TP00793,T00687,7,B-B-L,1000,Customer I,Female,31,31-35,West,Product A,White,S,300
6/23/2023,TP00845,T00738,10,B-B-L,1000,Customer E,Female,34,31-35,North,Product A,Black,M,300
6/23/2023,TP00873,T00766,1,P-B-M,700,Customer H,Female,22,21-25,West,Product B,Green,L,420
6/23/2023,TP00498,T00393,3,P-B-M,700,Customer A,Female,36,36-40,East,Product B,Red,XL,420
6/23/2023,TP00774,T00668,9,P-R-M,700,Customer F,Female,28,26-30,City,Product B,Black,XL,420
6/23/2023,TP00496,T00393,8,F-B-L,"1,500",Customer G,Male,36,36-40,South,Product C,Green,L,600
6/23/2023,TP00762,T00656,10,F-R-M,"1,500",Customer E,Female,34,31-35,North,Product C,White,S,600
6/23/2023,TP00493,T00392,1,S-B-M,500,Customer H,Female,22,21-25,West,Product D,Green,L,300
6/23/2023,TP00494,T00392,4,S-W-M,500,Customer C,Female,30,26-30,East,Product D,Black,L,300
6/23/2023,TP00499,T00394,5,S-B-L,500,Customer D,Female,41,>40,West,Product D,Black,M,300
6/23/2023,TP00501,T00395,5,S-W-L,500,Customer D,Female,41,>40,West,Product D,Green,XL,300
6/23/2023,TP00930,T00823,6,S-R-M,500,Customer J,Male,26,26-30,North,Product D,Red,M,300
6/23/2023,TP00492,T00391,6,S-W-M,500,Customer J,Male,26,26-30,North,Product D,Red,M,300
6/23/2023,TP00927,T00820,7,S-W-M,500,Customer I,Female,31,31-35,West,Product D,Red,XL,300
6/23/2023,TP00495,T00392,8,S-R-L,500,Customer G,Male,36,36-40,South,Product D,Red,L,300
6/23/2023,TP00936,T00829,8,S-B-M,500,Customer G,Male,36,36-40,South,Product D,Green,L,300
6/23/2023,TP00500,T00394,9,S-B-M,500,Customer F,Female,28,26-30,City,Product D,White,M,300
6/24/2023,TP00897,T00790,9,B-B-L,1000,Customer F,Female,28,26-30,City,Product A,White,M,300
6/24/2023,TP00596,T00490,2,P-B-M,700,Customer B,Male,27,26-30,West,Product B,Red,XL,420
6/24/2023,TP00728,T00622,5,P-B-M,700,Customer D,Female,41,>40,West,Product B,Red,S,420
6/24/2023,TP00827,T00720,5,P-B-M,700,Customer D,Female,41,>40,West,Product B,Red,L,420
6/24/2023,TP00890,T00783,10,P-R-L,700,Customer E,Female,34,31-35,North,Product B,Red,M,420
6/24/2023,TP00524,T00418,1,F-B-M,"1,500",Customer H,Female,22,21-25,West,Product C,White,XL,600
6/24/2023,TP00781,T00675,3,F-B-L,"1,500",Customer A,Female,36,36-40,East,Product C,White,XL,600
6/24/2023,TP00526,T00420,4,F-R-M,"1,500",Customer C,Female,30,26-30,East,Product C,White,XL,600
6/24/2023,TP00810,T00703,6,F-R-L,"1,500",Customer J,Male,26,26-30,North,Product C,Green,L,600
6/24/2023,TP00515,T00409,8,F-W-M,"1,500",Customer G,Male,36,36-40,South,Product C,Black,L,600
6/24/2023,TP00844,T00737,4,S-B-M,500,Customer C,Female,30,26-30,East,Product D,Green,M,300
